brand,sku,name,category,priced,source,has_remote_url
"Ashirvad","Z8EUR","Ashirvad Flowguard Plus 1 Step CPVC Yellow Medium Solvent Cement","Bathware & plumbing",yes,"homerun",yes
"Astral","TANASTBALWRM8R","Ball Valve Long Handle CPVC","Bathware & plumbing",yes,"handypanda",yes
"Astral","PIPASTMTARA1LU","MTA Brass CPVC","Bathware & plumbing",yes,"handypanda",yes
"Astral","PIPASTREDO9CCP","Reducing MTA Brass CPVC","Bathware & plumbing",yes,"handypanda",yes
"Astral","PIPASTSOLON40D","Solvent CPVC","Bathware & plumbing",yes,"handypanda",yes
"Ebco","SABKC","Ebco 165° Hinge, Regular Close, 1 Set (2 Nos)","Kitchen & wardrobe fittings",yes,"homerun",yes
"Ebco","AJCEY","Ebco Aluminium Profile Cabinet Edge, Length 3m","Kitchen & wardrobe fittings",yes,"homerun",yes
"Ebco","5U9PR","Ebco Aluminium Profile Shutter Handle End Cap, EC-1935-AB, Anodised Black, L+R Set","Kitchen & wardrobe fittings",yes,"homerun",yes
"Ebco","RYGZG","Ebco Aluminium Profile Shutter Handle, SH1-1935-3M-AB, Anodised Black, 19mm X 35mm, 3m Length","Kitchen & wardrobe fittings",yes,"homerun",yes
"Ebco","26PH6","Ebco Aluminium Shutter Grill","Kitchen & wardrobe fittings",yes,"homerun",yes
"Ebco","4CKMF","Ebco Anti Skid Mat 5, Anthracite, Cross, 5m (L) X 51cm (W), 16.4' X 20"", ASM5-ATC","Kitchen & wardrobe fittings",yes,"homerun",yes
"Ebco","6NLTK","Ebco Auto Pull Out Waste Bin, Auto Open on Shutter Open, 28L Capacity, 2 X 14L Separate Bins, APDWB-28","Kitchen & wardrobe fittings",yes,"homerun",yes
"Ebco","LR4XS","Ebco Bottle Pullout, Soft Close, 2 Tier","Kitchen & wardrobe fittings",yes,"homerun",yes
"Ebco","8HLS7","Ebco Cabinet Shelf Support Pin","Kitchen & wardrobe fittings",yes,"homerun",yes
"Ebco","KZLHG","Ebco Cup & Saucer Kitchen Basket, SS304, 100mm (H) X 505mm (D), 4"" X 20""","Kitchen & wardrobe fittings",yes,"homerun",yes
"Ebco","KJVBA","Ebco Cutlery Kitchen Basket, SS304, 80mm (H) X 505mm (D), 3.2"" X 20""","Kitchen & wardrobe fittings",yes,"homerun",yes
"Ebco","PQ7RC","Ebco Eurolift Bi-Fold Door System, Soft Close, Anthracite","Kitchen & wardrobe fittings",yes,"homerun",yes
"Ebco","549YM","Ebco Fascia Bracket for POWB4-40-AT","Kitchen & wardrobe fittings",yes,"homerun",yes
"Ebco","5TPD2","Ebco Hi Slide 50 Reversible Sliding Mechanism, Soft Close (Door Fitting)","Kitchen & wardrobe fittings",yes,"homerun",yes
"Ebco","WATCV","Ebco Hinge Drilling Template for HAP","Kitchen & wardrobe fittings",yes,"homerun",yes
"Ebco","5QL8B","Ebco Light Adapter Series 2, 24V 24W Power Supply Unit for LED Lights, PSU2-2424-WH","Kitchen & wardrobe fittings",yes,"homerun",yes
"Ebco","UVUQH","Ebco Light Linear 2 Way LED Strip Light for 8mm Glass, 4000K, 24V","Kitchen & wardrobe fittings",yes,"homerun",yes
"Ebco","HD4GC","Ebco Livsmart Pulldown System for 900mm (36"") Wide Kitchen Cabinets Mechanism with Glass Baskets, KPDSG90-AT","Kitchen & wardrobe fittings",yes,"homerun",yes
"Ebco","G3FJX","Ebco Luminor 8C, Set of Aluminium Heat Sink Profile with Diffusor Profile, Length 3m, LUM8C1","Kitchen & wardrobe fittings",yes,"homerun",yes
"Ebco","PGCMW","Ebco MS Wardrobe Rail Bracket - Metal Support for Hanging Rods, 1 Set (2 Nos), Nickel Plated, WRF-B2","Kitchen & wardrobe fittings",yes,"homerun",yes
"Ebco","M2LNL","Ebco Magic Corner Max 90, Single Pullout","Kitchen & wardrobe fittings",yes,"homerun",yes
"Ebco","KJLFW","Ebco Mounting Screw Kit for Pro-Lift Bed Fittings","Kitchen & wardrobe fittings",yes,"homerun",yes
"Ebco","ERNKD","Ebco PVC Skirting Joints, 100mm, Black (Pack of 1 No.)","Bathware & plumbing",yes,"homerun",yes
"Ebco","TEL5T","Ebco PVC Skirting Q Plinth and Clip, 100mm","Kitchen & wardrobe fittings",yes,"homerun",yes
"Ebco","Z649V","Ebco PVC Skirting, Height 100mm/4"", Length 3m, Black, PVCSE-10-BL-30","Bathware & plumbing",yes,"homerun",yes
"Ebco","XPM9F","Ebco Pantry Unit, Soft Close","Kitchen & wardrobe fittings",yes,"homerun",yes
"Ebco","FEGXB","Ebco Plain Kitchen Basket, SS304","Kitchen & wardrobe fittings",yes,"homerun",yes
"Ebco","ATRTX","Ebco Plate Kitchen Basket, SS304, 150mm (H) X 505mm (D), 6"" X 20""","Kitchen & wardrobe fittings",yes,"homerun",yes
"Ebco","G4WXZ","Ebco Pro Lift Bed Fitting - Extended Arm Set, Heavy Duty, PLBF-EF-E-HD","Kitchen & wardrobe fittings",yes,"homerun",yes
"Ebco","4WXZB","Ebco Pro Lift Bed Hydraulic Gas Pump, Heavy Duty, 1 Set (2 Nos)","Kitchen & wardrobe fittings",yes,"homerun",yes
"Ebco","CYLDV","Ebco Pro Lift Cabinet Gas Pump, 1 Set (2 Nos)","Kitchen & wardrobe fittings",yes,"homerun",yes
"Ebco","GTV8M","Ebco Pro Lift Cabinet Gas Pump, 20 Kg, Regular Close, PLC-20","Kitchen & wardrobe fittings",yes,"homerun",yes
"Ebco","2HGJM","Ebco Pro Motion Tandem Box, S3 Series, 50Kg, Full Set, Anthracite","Kitchen & wardrobe fittings",yes,"homerun",yes
"Ebco","JJZG8","Ebco Pull Out Waste Bin, 40L Capacity, 2 X 20L Separate Bins, POWB4-40-AT","Kitchen & wardrobe fittings",yes,"homerun",yes
"Ebco","R6GGC","Ebco Push Open Fitting, Magnetic, Stroke 40mm (1.57""), POM40","Kitchen & wardrobe fittings",yes,"homerun",yes
"Ebco","N5T4D","Ebco Roll Top Pro Vertical Rolling Shutter with Overlay Rails & Cover Profile","Kitchen & wardrobe fittings",yes,"homerun",yes
"Ebco","MRVM2","Ebco Side Pullout, Frameless, SS304","Kitchen & wardrobe fittings",yes,"homerun",yes
"Ebco","DDTE5","Ebco Sleek Telescopic Drawer Channel, Regular Close, 35 Kg Capacity, Zinc","Kitchen & wardrobe fittings",yes,"homerun",yes
"Ebco","NMGVJ","Ebco Sleek Telescopic Drawer Channel, Soft Close, 35 Kg Capacity, Zinc","Kitchen & wardrobe fittings",yes,"homerun",yes
"Ebco","VZMTL","Ebco Slip On Hinge, Regular Close, 1 Set (2 Nos)","Kitchen & wardrobe fittings",yes,"homerun",yes
"Ebco","D7ZYV","Ebco Soft Close Hinges, 1 Set (2 Nos)","Kitchen & wardrobe fittings",yes,"homerun",yes
"Ebco","DP6RK","Ebco Swing Out Waste Bin, Rectangular","Kitchen & wardrobe fittings",yes,"homerun",yes
"Ebco","ALKSU","Ebco Thali Kitchen Basket, SS304, 200mm (H) X 505mm (D), 8"" X 20""","Kitchen & wardrobe fittings",yes,"homerun",yes
"Ebco","76A2W","Ebco Universal Magic Corner, Double Pullout","Cement & steel",yes,"homerun",yes
"Ebco","34P2D","Ebco Wardrobe Pullout Ironing Board, WPIB-4360-AT","Kitchen & wardrobe fittings",yes,"homerun",yes
"Ebco","4X93S","Ebco Wardrobe Rail Fittings","Kitchen & wardrobe fittings",yes,"homerun",yes
"Ebco","EDA37","Ebco Wicker Basket, Soft Close","Kitchen & wardrobe fittings",yes,"homerun",yes
"Jaquar","ITS-WHT-89107","15753NP180PPZ","Bathware & plumbing",no,"Jaquar catalogue",no
"Jaquar","ITS-BEM-89107","15753NP180PPZ","Bathware & plumbing",no,"Jaquar catalogue",no
"Jaquar","LYS-WHT-38101UF","166 jaquar.com","Bathware & plumbing",no,"Jaquar catalogue",no
"Jaquar","JCS-WHT-2400P","214 jaquar.com","Bathware & plumbing",no,"Jaquar catalogue",no
"Jaquar","ARS-WHT-39955S110UFSM","363SPPZ, 751P180SPPZ, 751S300SPPZ, 851S300SPP, 551SSPP 1,450 1,225 751S, 353, 555S,753S & P, 755S, 851 1,350 757NS300SPPSZ, 757S300SPPZ, 757NS300SPPZ 1,375","Bathware & plumbing",no,"Jaquar catalogue",no
"Jaquar","VGS-WHT-81103UF","81753P180UFSMZ","Bathware & plumbing",no,"Jaquar catalogue",no
"Jaquar","WSP-SLV-SPA4S449VX","Aquagym Max Extreme with Stairs panel, Thermic Cover JETS : 5” Directional Jet 2 5” Single Hole Spinning Jet 3 3” Directional Jet 8 3” Spinning Jet 10 2” Directional Jet 24 2” Spinning Jet 16 Air Jet 14 Water Cascade Jet 1 Laminar Jet 4 Swim Jet 4 Total 86","Bathware & plumbing",yes,"Jaquar catalogue",no
"Jaquar","ESA-BGE-LDGD1212","Artificial Marble Ledge 1200 x 1200","Bathware & plumbing",yes,"Jaquar catalogue",no
"Jaquar","HDR-SSF-AK2803D","Bolt touch-free infrared hand dryer with 1150W rated power & carbon brush motor Material: 304 Stainless Steel Finish: Stainless Steel Finish Accessories Hand Dryer - NUOVO 59,700","Bathware & plumbing",no,"Jaquar catalogue",no
"Jaquar","JSP-WHT-SPABREVA5S","Breva Spa Shell Color- Pearl Blend with Stairs panel, Thermic Cover JETS : 3” Single rotating jet 3 2.5” Directional Jet 4 2” Directional Jet 25 1” Single rotating jet 4 Circulation jet 4 Air jet 12 Fountain jet 3 Total 55","Bathware & plumbing",yes,"Jaquar catalogue",no
"Jaquar","OPS-WHT-15961BIUFSMTL","CLOSE SEAT COVER FOR OPS WHT-15953BIUFPM, 15753P180UFPMZ, 15953BIUFPM 3,900 CLOSE SEAT COVER FOR OPS WHT-15953BIUFPM, 15753P180UFPMZ, 15953BIUFPM 3,900 CLOSE SEAT COVER FOR OPS WHT-15953BIUFPM, 15753P180UFPMZ, 15953BIUFPM 3,900","Bathware & plumbing",no,"Jaquar catalogue",no
"Jaquar","ONS-WHT-10961BIUFSMTL","CLOSE SEAT COVER FOR OPS WHT-15953BIUFPM, 15753P180UFPMZ, 15953BIUFPM 4,150 CLOSING SEAT COVER FOR 15851S 3,800 CLOSE SEAT COVER FOR OPS WHT-15953BIUFPM, 15753P180UFPMZ, 15953BIUFPM 3,900","Bathware & plumbing",no,"Jaquar catalogue",no
"Jaquar","ONS-WHT-10953NBIUF","CLOSE SLIM SEAT COVER FOR 10853S300UFSM 3,200 CLOSE SLIM SEAT COVER FOR 10753P180UFSM, 10753NS250UFSM, 10955P180UFSM, 15851S300UFSM 3,200","Bathware & plumbing",no,"Jaquar catalogue",no
"Jaquar","VGS-WHT-81953BIUFPM","CLOSING SEAT COVER FOR 81751S, 81751P 1,630 CLOSE SLIM SEAT COVER FOR VGS-WHT-81753S250UFSMZ, 15753NP180UFSMZ, 4,550 15753NS250UFSMZ CLOSE SEAT COVER FOR VGS-WHT-81853S300B, 81853P180B, 6851S300UF 4,900","Bathware & plumbing",no,"Jaquar catalogue",no
"Jaquar","CNS-WHT-353SPPSMZ","CNS-WHT-759S300UFSMZ, 759S250UFSMZ, 759P180UFSMZ 2,225 551SSPP, 553SSPP 1,325 CNS-WHT-855S300SPPSM, 855S300SPPSMY, 855S200SPPSM, 855P180SPPSM 1,325","Bathware & plumbing",no,"Jaquar catalogue",no
"Jaquar","SDR-WHT-DJ0010FN","Capacity: 0.8L Material: ABS Finish: white/smoked 10 Soap Dispenser - Automatic 4,000","Bathware & plumbing",no,"Jaquar catalogue",no
"Jaquar","SDR-BLC-DJ0160ASN","Capacity: 0.8L Material: aluminium/ABS Finish: chrome/black 10 for Specially Abled Stainless Steel","Bathware & plumbing",no,"Jaquar catalogue",no
"Jaquar","PTD-SAP-DT0106CSN","Capacity: 400-600 C/Z towels Material: AISI 304 stainless steel Finish: satin 10","Bathware & plumbing",no,"Jaquar catalogue",no
"Jaquar","JCP-CHR-852415","Control Plate Alive","Bathware & plumbing",yes,"Jaquar catalogue",no
"Jaquar","JCP-CHR-392415","Control Plate Aria","Bathware & plumbing",yes,"Jaquar catalogue",no
"Jaquar","JCP-CHR-372415","Control Plate D’arc","Bathware & plumbing",yes,"Jaquar catalogue",no
"Jaquar","JCP-CHR-292415","Control Plate Fusion","Bathware & plumbing",yes,"Jaquar catalogue",no
"Jaquar","JCP-CHR-352415","Control Plate Kubix","Bathware & plumbing",yes,"Jaquar catalogue",no
"Jaquar","JCP-CHR-912415","Control Plate Laguna","Bathware & plumbing",yes,"Jaquar catalogue",no
"Jaquar","JCP-CHR-152415","Control Plate Opal","Bathware & plumbing",yes,"Jaquar catalogue",no
"Jaquar","JCP-CHR-102415","Control Plate Ornamix Prime","Bathware & plumbing",yes,"Jaquar catalogue",no
"Jaquar","JCP-CHR-72415","Control Plate Queens Prime","Bathware & plumbing",yes,"Jaquar catalogue",no
"Jaquar","JCP-CHR-812415","Control Plate Vignette Prime","Bathware & plumbing",yes,"Jaquar catalogue",no
"Jaquar","WSP-SLV-SPAFISHER","Fisher 2 Spa with Stairs panels, Hard Cover JETS : 3” Directional Jets 8 2” Directional Jets 8 Total 16","Bathware & plumbing",yes,"Jaquar catalogue",no
"Jaquar","HDR-SSF-AK2807","Flash touch-free infrared hand dryer with 1150W rated power & carbon brush motor Material: 304 Stainless Steel Finish: Stainless Steel Finish Hand Dryer - BOLT 11,200","Bathware & plumbing",no,"Jaquar catalogue",no
"Jaquar","HPM-WHT-P300","For use in multiple bathrooms with shower panels & bathtubs Recommended for: the Centralised Heating Solution for Multiple Bathrooms 119","Bathware & plumbing",no,"Jaquar catalogue",no
"Jaquar","WSP-SLV-SPANF2001X","Gemini Spa with Stairs panels, Hard Cover JETS : 5” Directional Jet 1 3” Directional Jet 4 3” Spinning Jet 4 Water Cascade Jet 1 Total Jets 10","Bathware & plumbing",yes,"Jaquar catalogue",no
"Jaquar","ACN-CHR-1171N","Glass Shelf 600mm Long","Bathware & plumbing",yes,"Jaquar catalogue",no
"Jaquar","WAC-WHT-BR0600N","Grab Bar 680 mm Long","Bathware & plumbing",yes,"Jaquar catalogue",no
"Jaquar","WAC-SAP-BR0600CSN","Grab Bar 680 mm Long","Bathware & plumbing",yes,"Jaquar catalogue",no
"Jaquar","WAC-BLM-BR0600N","Grab Bar 680 mm Long","Bathware & plumbing",yes,"Jaquar catalogue",no
"Jaquar","WAC-WHT-BG0800N","Grab Bar Vertical Swing","Bathware & plumbing",yes,"Jaquar catalogue",no
"Jaquar","WAC-SAP-BG0800CSN","Grab Bar Vertical Swing","Bathware & plumbing",yes,"Jaquar catalogue",no
"Jaquar","WAC-BLM-BG0800N","Grab Bar Vertical Swing","Bathware & plumbing",yes,"Jaquar catalogue",no
"Jaquar","ALD-CHR-565LP","Hand Shower (Health Faucet) with a thin size mouth jali, 1 Meter Long Easy Flex Wall Hook","Bathware & plumbing",yes,"Jaquar catalogue",no
"Jaquar","ACN-CHR-1181FS","Hangers, Towel Rack 600mm Long without Hangers, Stainless Steel","Bathware & plumbing",yes,"Jaquar catalogue",no
"Jaquar","JWA-BLK-HRCP750GAC06","Headrest Comfort for Jaquar Whirlpool Kubix/ Fonte/Alive Available in: Black","Bathware & plumbing",yes,"Jaquar catalogue",no
"Jaquar","JWA-BLK-HRSP120GAC06","Headrest Sophi For (Vignette/D’Arc/Fusion/Arc/ Opal Prime) Jaquar Whirlpool Available in: Black","Bathware & plumbing",yes,"Jaquar catalogue",no
"Jaquar","WSP-WHT-SPA5S590VX","Hydrozone Swim Spa with Stairs panel, Hard Cover JETS : 5” Directional Jets 2 5” Single Hole Spinning Jets 5 3” Directional Jets 6 3” Spinning Jets 9 2” Directional Jets 14 2” Spinning Jets 12 Air Jets 16 Water Cascade Jets 2 Swim Jets 4 Laminar Jets 6 Total 76","Bathware & plumbing",yes,"Jaquar catalogue",no
"Jaquar","JSG-BLK-PIUVAP5000ST","Jaquar Smart Vapour STEAM GENERATOR MID Series Features Touch button IP67 rating Temperature Auto Auto drain Auto display for display setting water inlet power off Stainless Heating Water Newly Over heat Pressure steel body Element processor designed protection safety value steam nozzle 83,000","Bathware & plumbing",no,"Jaquar catalogue",no
"Jaquar","WSP-SLV-AQUASWIM13TP","Jaquar aqua swim top with swim jets, chromotherapy & uv filtration system JETS : Swim Jets 2 Total Jets 2","Bathware & plumbing",yes,"Jaquar catalogue",no
"Jaquar","WSP-SLV-SPA5S1990VX","Mercury Spa with Stairs panels, Hard Cover JETS : 5” Single Hole Spinning Jets 4 3” Directional Jets 8 2” Spinning Jets 4 2” Directional Jets 14 Air Jets 16 Water Cascade Jet 1 Laminar Jets 2 Total 49","Bathware & plumbing",yes,"Jaquar catalogue",no
"Jaquar","WSP-SLV-SPA3S2060VX","Neon Spa, with Stairs, Panels, Hard Cover JETS : 5” Single Hole Spinning Jet 2 3” Spinning Jet 4 2” Directional Jet 10 2” Spinning Jet 18 Volcano Jet 1 Air Jet 16 Water Cascade Jet 1 Laminar Jet 2 Total 54","Bathware & plumbing",yes,"Jaquar catalogue",no
"Jaquar","WSP-SLV-SPANIRWANA","Nirwana Spa (5 seater), with Stairs panels & Hard Cover JETS : 3” Directional Jet 7 3” Spinning Jet 8 Air jet 10 Total Jets 25","Bathware & plumbing",yes,"Jaquar catalogue",no
"Jaquar","JSP-WHT-SPANUOVO2S","Nuovo Spa with Headrest, Shell Color- Stunning White, Stairs panel, and High Density Lockable Spa Cover JETS : 3.5” single rotating jets 4 2” direct jets 30 1” direct jets 4 Air jets 8 1” circulation jets 3 Total 49","Bathware & plumbing",yes,"Jaquar catalogue",no
"Jaquar","HDR-SLV-AK2030","Nuovo dualflow touch-free infrared hand dryer with intelligent LED display, 1850W rated power, DC brushless motor & double HEPA filter Material: ABS Finish: Silver Paper Towel Dispenser Paper Towel Dispenser - Towels with c/z Folds - Wall Mounted 6,950","Bathware & plumbing",no,"Jaquar catalogue",no
"Jaquar","JWP-WHT-FONTE150PWX","PMMA Sheet • PU Green Reinforcement SS Frame • Level Sensor • Safety Vacuum Breaker • Keypad control • Overflow with Drain pipe • Water Pump 0.75 HP Slim water Jets 6 • Air Regulator","Bathware & plumbing",yes,"Jaquar catalogue",no
"Jaquar","JWP-WHT-FONTE","PMMA Sheet • PU Green Reinforcement SS Frame • Level Sensor • Safety Vacuum Breaker • Keypad control • Overflow with Drain pipe • Water Pump 0.75 HP • Slim water Jets 6 0.9 HP Air Blower • Air Jets 12 Air • Air Regulator","Bathware & plumbing",yes,"Jaquar catalogue",no
"Jaquar","ITS-WHT-89851S300PPPM","PP SEAT COVER FOR ITS-WHT-6955P180PP, 6953NBIPP, 15753NS250PPZ, 23,500 15955P180PP & 15853S300PP","Bathware & plumbing",no,"Jaquar catalogue",no
"Jaquar","WSP-SLV-SPA8S3520VX","Palladium Spa with Stairs panel, Hard Cover JETS : 5” Directional Jet 6 5” Single Hole Spinning Jet 14 3” Directional Jet 12 3” Spinning Jet 2 2” Directional Jet 24 2” Spinning Jet 8 Air Jet 22 Water Cascade Jet 1 Laminar Jet 4 Total 93","Bathware & plumbing",yes,"Jaquar catalogue",no
"Jaquar","JSP-WHT-SPAPOLARIS6S","Polaris Spa Shell Color - Pearl Blend with Stairs panel, Thermic Cover JETS : 5” Directional Jet 2 3.5” Directional Jet 2 3.5” Single rotating Jet 5 2” Directional Jet 31 2” Single rotating Jet 8 1” Circulation Jet 4 Air Jet 12 Fountain 2 Total 66","Bathware & plumbing",yes,"Jaquar catalogue",no
"Jaquar","HPM-WHT-P200","Rs","Bathware & plumbing",no,"Jaquar catalogue",no
"Jaquar","COP-CHR-079NKPM","Single Lever Exposed Parts Kit of Hi-flow Sleeve, Diverter Consisting of Operating Lever, Cartridge Sleeve, Wall Flange (with Seals), Button Assembly Sleeve & Button (Compatible with ALD-079N)","Bathware & plumbing",yes,"Jaquar catalogue",no
"Jaquar","JCS-WHT-2431","Single Piece Concealed Cistern Body (Front or Top Actuation) Installation Kit (without flush plate)","Bathware & plumbing",no,"Jaquar catalogue",no
"Jaquar","JCS-WHT-2431FP","Single Piece Concealed Cistern Body (Front or Top Actuation) with Floor Mounting Frame, Installation Kit and “P-Type” Drain Pipe Connection Set for Wall Hung WC (without Flush Control Plate) 10,600","Bathware & plumbing",no,"Jaquar catalogue",no
"Jaquar","JCS-WHT-2431FS","Single Piece Concealed Cistern Body (Front or Top Actuation) with Floor Mounting Frame, Installation Kit and “S-Type” Drain Pipe Connection Set for Wall Hung WC (without Flush Control Plate) jaquar.com 215","Bathware & plumbing",no,"Jaquar catalogue",no
"Jaquar","JCS-WHT-2431S","Single Piece Concealed Cistern Body (Front or Top Actuation) with Installation Kit & “S-Type” drain pipe connection set for Wall Hung WC Hung (without Flush Control Plate) Concealed Cistern Body with Front or Top Actuation with Floor Mounted Frame 10,050","Bathware & plumbing",no,"Jaquar catalogue",no
"Jaquar","JCS-WHT-2400S","Single Piece Slim Concealed Cistern Body with Installation “S-Type” drain pipe connection for Wall Hung WC (without Control Plate) Also Available","Bathware & plumbing",no,"Jaquar catalogue",no
"Jaquar","JCS-WHT-2400FS","Single Piece Slim Concealed Cistern with Floor Mounting Installation Kit and “S-Type” Pipe Connection Set for Wall WC (without Flush Control Concealed Cistern Body","Bathware & plumbing",no,"Jaquar catalogue",no
"Jaquar","JSC-WHT-OASIS1010","Size: 1000 x 1000 x 2160 mm Material: ACP + Glass + Acrylic Steam Generator: 4 kW 3,23,000","Bathware & plumbing",no,"Jaquar catalogue",no
"Jaquar","JSC-WHT-OASIS1210","Size: 1200 x 1000 x 2160 mm Material: ACP + Glass + Acrylic Steam Generator: 4 kW jaquar.com 185","Bathware & plumbing",no,"Jaquar catalogue",no
"Jaquar","JSC-WHT-OASIS9090","Size: 900 x 900 x 2160 mm Material: ACP + Glass + Acrylic Steam Generator: 4 kW 3,16,000","Bathware & plumbing",no,"Jaquar catalogue",no
"Jaquar","WSP-SLV-SPAAVANTE","Spa Avante Top with Hardcover and Panels JETS : 3” Directional Jets 8 2” Directional Jets 8 Total 16","Bathware & plumbing",yes,"Jaquar catalogue",no
"Jaquar","ACN-CHR-1155S","Spare Toilet Roll Holder, Stainless Steel","Bathware & plumbing",yes,"Jaquar catalogue",no
"Jaquar","JSG-WHT-NMID120","Steam Generator Without Digital Control Panel- 12 kW 475 x 185 x 450 mm 1,28,000","Bathware & plumbing",no,"Jaquar catalogue",no
"Jaquar","JSG-WHT-NMID150","Steam Generator Without Digital Control Panel- 15 kW 510 x 185 x 460 mm 1,60,000","Bathware & plumbing",no,"Jaquar catalogue",no
"Jaquar","JSG-WHT-NMID180","Steam Generator Without Digital Control Panel- 18 kW 510 x 185 x 460 mm 1,70,000","Bathware & plumbing",no,"Jaquar catalogue",no
"Jaquar","JSG-WHT-NMID225","Steam Generator Without Digital Control Panel- 22.5 kW 510 x 185 x 460 mm 1,95,000","Bathware & plumbing",no,"Jaquar catalogue",no
"Jaquar","JSG-WHT-NMID240","Steam Generator Without Digital Control Panel- 24 kW 510 x 185 x 460 mm 184 jaquar.com","Bathware & plumbing",no,"Jaquar catalogue",no
"Jaquar","JSG-WHT-NMID40","Steam Generator Without Digital Control Panel- 4 kW 425 x 160 x 315 mm 93,000","Bathware & plumbing",no,"Jaquar catalogue",no
"Jaquar","JSG-WHT-NMID60","Steam Generator Without Digital Control Panel- 6 kW 425 x 160 x 315 mm 1,06,000","Bathware & plumbing",no,"Jaquar catalogue",no
"Jaquar","JSG-WHT-NMID90","Steam Generator Without Digital Control Panel- 9 kW 475 x 185 x 450 mm 1,19,000","Bathware & plumbing",no,"Jaquar catalogue",no
"Jaquar","ACN-CHR-1181S","Towel Rack 600mm Long with Lower Stainless Steel","Bathware & plumbing",yes,"Jaquar catalogue",no
"Jaquar","ACN-CHR-1181FHS","Towel Rack 600mm Long without Lower Hangers but with 3 hooks, Stainless Steel","Bathware & plumbing",yes,"Jaquar catalogue",no
"Jaquar","ACN-CHR-1143N","W.C. Brush Holder","Bathware & plumbing",yes,"Jaquar catalogue",no
"Jaquar","SHP-SSF-SPMYHOME","Without Thermostat Mixer In Stainsless Steel Mirror Finish Material Stainless steel Grade: 304 • Single Lever Diverter Hand shower (optional) • Spout • Mirror finish SS body Movable overhead shower only","Bathware & plumbing",yes,"Jaquar catalogue",no
"Jaquar","WSP-SLV-SPA7S2340VX","Xenon Spa with Stairs panel, Hard Cover JETS : 5” Double Hole Spinning Jets 2 5” Single Hole Spinning Jets 4 3” Directional Jets 4 2” Directional Jets 4 2” Spinning Jets 8 Air Jets 20 Water Cascade Jets 1 Laminar Jets 2 Total 45","Bathware & plumbing",yes,"Jaquar catalogue",no
"Jaquar","FLV-CHR-1075FS","with i-Flush 20mm Concealed Body Floor Mounting Frame, Installation Connec- Kit and “S-Type” Drain Pipe tion Set for Wall Hung WC (without Exposed Actuation Plate Kit)","Bathware & plumbing",yes,"Jaquar catalogue",no
"Ozone","OBBS-4522","35KG FULL EXTENSION BALL BEARING SLIDES","Kitchen & wardrobe fittings",yes,"Ozone catalogue",no
"Ozone","OZ-NOVA","ACCESSPRIES","Kitchen & wardrobe fittings",yes,"Ozone catalogue",no
"Ozone","OZ-WBA-SSR","ACCESSPRIES","Kitchen & wardrobe fittings",yes,"Ozone catalogue",no
"Ozone","OEGW-25F","AERO SERIES: STRAIGHT PROFILES","Kitchen & wardrobe fittings",yes,"Ozone catalogue",no
"Ozone","OEGW-25H","AERO SERIES: STRAIGHT PROFILES","Kitchen & wardrobe fittings",yes,"Ozone catalogue",no
"Ozone","OEAP-SAWF","AERO SERIES: UNIVERSAL PROFILE","Kitchen & wardrobe fittings",yes,"Ozone catalogue",no
"Ozone","OEAP-30CAHH","AERO SERIES: UNIVERSAL PROFILE","Kitchen & wardrobe fittings",yes,"Ozone catalogue",no
"Ozone","OEAP-30CAHF","AERO SERIES: UNIVERSAL PROFILE","Kitchen & wardrobe fittings",yes,"Ozone catalogue",no
"Ozone","OZ-WB-AH-3D","AIR HINGE 25 Kg AIR HINGE 35 Kg","Kitchen & wardrobe fittings",yes,"Ozone catalogue",no
"Ozone","OZ-WB-AH-ACC","AIR HINGE CONNECTOR AIR HINGE CONNECTOR","Kitchen & wardrobe fittings",yes,"Ozone catalogue",no
"Ozone","OZ-WB-AH35-ACC","AIR HINGE CONNECTOR AIR HINGE CONNECTOR","Kitchen & wardrobe fittings",yes,"Ozone catalogue",no
"Ozone","OEAP-BV","ALUMINIUM PROFILES","Kitchen & wardrobe fittings",yes,"Ozone catalogue",no
"Ozone","OEAP-F1","ALUMINIUM PROFILES","Kitchen & wardrobe fittings",yes,"Ozone catalogue",no
"Ozone","OEAP-SV","ALUMINIUM PROFILES","Kitchen & wardrobe fittings",yes,"Ozone catalogue",no
"Ozone","OEAP-J","ALUMINIUM PROFILES","Kitchen & wardrobe fittings",yes,"Ozone catalogue",no
"Ozone","ANTI-TILT","ANTI TILT SLIDES","Kitchen & wardrobe fittings",yes,"Ozone catalogue",no
"Ozone","OEC451-B4S-SCN","ANTI TILT SLIDES","Kitchen & wardrobe fittings",yes,"Ozone catalogue",no
"Ozone","OEC451-SO-C4S-SC","ANTI TILT SLIDES","Kitchen & wardrobe fittings",yes,"Ozone catalogue",no
"Ozone","OEC451-C4S-SCN","ANTI TILT SLIDES","Kitchen & wardrobe fittings",yes,"Ozone catalogue",no
"Ozone","OBBS-ILS","ANTI TILT SLIDES","Kitchen & wardrobe fittings",yes,"Ozone catalogue",no
"Ozone","OEC451-A4S-SCN","ANTI TILT SLIDES","Kitchen & wardrobe fittings",yes,"Ozone catalogue",no
"Ozone","OEC451-SO-A4S-SC","ANTI TILT SLIDES","Kitchen & wardrobe fittings",yes,"Ozone catalogue",no
"Ozone","OEC451-SO-B4S-SC","ANTI TILT SLIDES","Kitchen & wardrobe fittings",yes,"Ozone catalogue",no
"Ozone","OZ-WBA-AB","ASSORTMENT DRAWER","Kitchen & wardrobe fittings",yes,"Ozone catalogue",no
"Ozone","OZ-WBA-RLSB","ASSORTMENT DRAWER","Kitchen & wardrobe fittings",yes,"Ozone catalogue",no
"Ozone","OZ-WBA-PLB","BED MECHANISM","Kitchen & wardrobe fittings",yes,"Ozone catalogue",no
"Ozone","OE-WBMSB-NT","BED MECHANISM","Kitchen & wardrobe fittings",yes,"Ozone catalogue",no
"Ozone","OE-WBMSB-FTM","BED MECHANISM","Kitchen & wardrobe fittings",yes,"Ozone catalogue",no
"Ozone","OZ-WBH-A-SF","BED MECHANISM MANUAL BED","Kitchen & wardrobe fittings",yes,"Ozone catalogue",no
"Ozone","OZ-WBV-M","BED MECHANISM MANUAL BED","Kitchen & wardrobe fittings",yes,"Ozone catalogue",no
"Ozone","OZS-W-BH","BIN HOLDER","Kitchen & wardrobe fittings",yes,"Ozone catalogue",no
"Ozone","OFL-CSL-925","CENTER SLIDING LOCKS","Kitchen & wardrobe fittings",yes,"Ozone catalogue",no
"Ozone","OFL-CSL-930","CENTER SLIDING LOCKS","Kitchen & wardrobe fittings",yes,"Ozone catalogue",no
"Ozone","OE-MPL-12P","CIRCULAR MP LOCK LATCH MP LOCK","Kitchen & wardrobe fittings",yes,"Ozone catalogue",no
"Ozone","OE-MPL-RP","CIRCULAR MP LOCK LATCH MP LOCK","Kitchen & wardrobe fittings",yes,"Ozone catalogue",no
"Ozone","OE-MPL-RS","CIRCULAR MP LOCK LATCH MP LOCK","Kitchen & wardrobe fittings",yes,"Ozone catalogue",no
"Ozone","OE-MPL-12S","CIRCULAR MP LOCK LATCH MP LOCK","Kitchen & wardrobe fittings",yes,"Ozone catalogue",no
"Ozone","OE-SWDS-USL-M","CLOSE EXTENSION CAPACITY ADJUSTMENT","Kitchen & wardrobe fittings",yes,"Ozone catalogue",no
"Ozone","OE-DWDS-PRO-M","CLOSE EXTENSION CAPACITY ADJUSTMENT","Kitchen & wardrobe fittings",yes,"Ozone catalogue",no
"Ozone","OE-SWDS-USL-S","CLOSE EXTENSION CAPACITY ADJUSTMENT","Kitchen & wardrobe fittings",yes,"Ozone catalogue",no
"Ozone","OE-DWDS-PRO-XL","CLOSE EXTENSION CAPACITY ADJUSTMENT","Kitchen & wardrobe fittings",yes,"Ozone catalogue",no
"Ozone","OE-DWDS-PRO-L","CLOSE EXTENSION CAPACITY ADJUSTMENT","Kitchen & wardrobe fittings",yes,"Ozone catalogue",no
"Ozone","OE-SWDS-USL-L","CLOSE EXTENSION CAPACITY ADJUSTMENT","Kitchen & wardrobe fittings",yes,"Ozone catalogue",no
"Ozone","OZ-STI","CONNECTOR NUT SCREW PLINTH SCREW","Kitchen & wardrobe fittings",yes,"Ozone catalogue",no
"Ozone","OZS-WB-CS","CUP & SAUCER BASKET THALI BASKET","Kitchen & wardrobe fittings",yes,"Ozone catalogue",no
"Ozone","OZS-WB-TH","CUP & SAUCER BASKET THALI BASKET","Kitchen & wardrobe fittings",yes,"Ozone catalogue",no
"Ozone","OFL-CBB-925","CUPBOARD LOCKS","Kitchen & wardrobe fittings",yes,"Ozone catalogue",no
"Ozone","OFL-CBB-930","CUPBOARD LOCKS","Kitchen & wardrobe fittings",yes,"Ozone catalogue",no
"Ozone","OFL-CBB-940","CUPBOARD LOCKS","Kitchen & wardrobe fittings",yes,"Ozone catalogue",no
"Ozone","OFL-CBB-935","CUPBOARD LOCKS","Kitchen & wardrobe fittings",yes,"Ozone catalogue",no
"Ozone","OZS-W-CT","CYLINDER TROLLEY","Kitchen & wardrobe fittings",yes,"Ozone catalogue",no
"Ozone","OZS-W-BPO-2S","DETERGENT HOLDER","Kitchen & wardrobe fittings",yes,"Ozone catalogue",no
"Ozone","OZS-WB-GTMECH","DETERGENT HOLDER","Kitchen & wardrobe fittings",yes,"Ozone catalogue",no
"Ozone","OZS-W-D","DETERGENT HOLDER","Kitchen & wardrobe fittings",yes,"Ozone catalogue",no
"Ozone","OZS-WB-G","DETERGENT HOLDER","Kitchen & wardrobe fittings",yes,"Ozone catalogue",no
"Ozone","OZS-W-DR","DISH RACK","Kitchen & wardrobe fittings",yes,"Ozone catalogue",no
"Ozone","OFL-DRR-930","DRAWER LOCKS","Kitchen & wardrobe fittings",yes,"Ozone catalogue",no
"Ozone","OFL-DRR-920","DRAWER LOCKS","Kitchen & wardrobe fittings",yes,"Ozone catalogue",no
"Ozone","OFL-DRR-925","DRAWER LOCKS","Kitchen & wardrobe fittings",yes,"Ozone catalogue",no
"Ozone","OFL-DRR-935","DRAWER LOCKS","Kitchen & wardrobe fittings",yes,"Ozone catalogue",no
"Ozone","OE-SL-PLUS-TBR","ECONOMY WARDROBE SLIDING SYSTEM","Kitchen & wardrobe fittings",yes,"Ozone catalogue",no
"Ozone","OE-SL-PLUS-SCLD","ECONOMY WARDROBE SLIDING SYSTEM","Kitchen & wardrobe fittings",yes,"Ozone catalogue",no
"Ozone","OE-SLP-TBT","ECONOMY WARDROBE SLIDING SYSTEM","Kitchen & wardrobe fittings",yes,"Ozone catalogue",no
"Ozone","OE-ESO66-FS-E-WC","ELECTRIC FLIP SOCKET ORGANIZER","Kitchen & wardrobe fittings",yes,"Ozone catalogue",no
"Ozone","OE-ESO77-PTSA-U3H","ELECTRIC POWER ADAPTER","Kitchen & wardrobe fittings",yes,"Ozone catalogue",no
"Ozone","OE-ESO77-PTSA-USBC","ELECTRIC POWER ADAPTER","Kitchen & wardrobe fittings",yes,"Ozone catalogue",no
"Ozone","OE-ESO77-FMPT","ELECTRIC POWER TRACK FLAP POP-UP SOCKET ORGANIZER","Kitchen & wardrobe fittings",yes,"Ozone catalogue",no
"Ozone","OE-ESO22-PO","ELECTRIC POWER TRACK FLAP POP-UP SOCKET ORGANIZER","Kitchen & wardrobe fittings",yes,"Ozone catalogue",no
"Ozone","OEAP-ACC-EC-G2","END CAPS","Kitchen & wardrobe fittings",yes,"Ozone catalogue",no
"Ozone","OEAP-ACC-SINK-EC","END CAPS","Kitchen & wardrobe fittings",yes,"Ozone catalogue",no
"Ozone","OEAP-ACC-EC-CG","END CAPS","Kitchen & wardrobe fittings",yes,"Ozone catalogue",no
"Ozone","OEAP-ACC-EC-JG","END CAPS","Kitchen & wardrobe fittings",yes,"Ozone catalogue",no
"Ozone","OK-ASM","ERGOTEC SQUARE RAIL","Kitchen & wardrobe fittings",yes,"Ozone catalogue",no
"Ozone","OE-DWDS-PRO-SQ-RL","ERGOTEC SQUARE RAIL","Kitchen & wardrobe fittings",yes,"Ozone catalogue",no
"Ozone","OE-ESO33-POWC","FLAP POP-UP SOCKET ORGANIZER","Kitchen & wardrobe fittings",yes,"Ozone catalogue",no
"Ozone","OK-BPO-02-L","FOR CABINET WIDTH 200MM FOR CABINET WIDTH 200MM FOR CABINET WIDTH 150MM","Kitchen & wardrobe fittings",yes,"Ozone catalogue",no
"Ozone","OK-BPO-GB-02-L","FOR CABINET WIDTH 200MM FOR CABINET WIDTH 200MM FOR CABINET WIDTH 150MM","Kitchen & wardrobe fittings",yes,"Ozone catalogue",no
"Ozone","OK-BPO-02-R","FOR CABINET WIDTH 200MM FOR CABINET WIDTH 200MM FOR CABINET WIDTH 150MM","Kitchen & wardrobe fittings",yes,"Ozone catalogue",no
"Ozone","OK-BPO-GB-02-R","FOR CABINET WIDTH 200MM FOR CABINET WIDTH 200MM FOR CABINET WIDTH 150MM","Kitchen & wardrobe fittings",yes,"Ozone catalogue",no
"Ozone","OK-TU-12B","FOR CABINET WIDTH 300MM FOR CABINET WIDTH 300MM","Kitchen & wardrobe fittings",yes,"Ozone catalogue",no
"Ozone","OE-MDL-4PS","FRONT MOUNTED SIDE MOUNTED SLIDING DOOR LOCK SLIDING DOOR LOCK","Kitchen & wardrobe fittings",yes,"Ozone catalogue",no
"Ozone","OE-WSL2-22P","FRONT MOUNTED SIDE MOUNTED SLIDING DOOR LOCK SLIDING DOOR LOCK","Kitchen & wardrobe fittings",yes,"Ozone catalogue",no
"Ozone","OE-WSL2-22S","FRONT MOUNTED SIDE MOUNTED SLIDING DOOR LOCK SLIDING DOOR LOCK","Kitchen & wardrobe fittings",yes,"Ozone catalogue",no
"Ozone","OE-WSL1-25P","FRONT MOUNTED SIDE MOUNTED SLIDING DOOR LOCK SLIDING DOOR LOCK","Kitchen & wardrobe fittings",yes,"Ozone catalogue",no
"Ozone","OE-WSL2-32P","FRONT MOUNTED SIDE MOUNTED SLIDING DOOR LOCK SLIDING DOOR LOCK","Kitchen & wardrobe fittings",yes,"Ozone catalogue",no
"Ozone","OE-WSL2-32S","FRONT MOUNTED SIDE MOUNTED SLIDING DOOR LOCK SLIDING DOOR LOCK","Kitchen & wardrobe fittings",yes,"Ozone catalogue",no
"Ozone","OE-WSL1-25S","FRONT MOUNTED SIDE MOUNTED SLIDING DOOR LOCK SLIDING DOOR LOCK","Kitchen & wardrobe fittings",yes,"Ozone catalogue",no
"Ozone","OE-MDL-3PP","FRONT MOUNTED SIDE MOUNTED SLIDING DOOR LOCK SLIDING DOOR LOCK","Kitchen & wardrobe fittings",yes,"Ozone catalogue",no
"Ozone","OE-MDL-3PS","FRONT MOUNTED SIDE MOUNTED SLIDING DOOR LOCK SLIDING DOOR LOCK","Kitchen & wardrobe fittings",yes,"Ozone catalogue",no
"Ozone","OE-MDL-3P-SMP","FRONT MOUNTED SIDE MOUNTED SLIDING DOOR LOCK SLIDING DOOR LOCK","Kitchen & wardrobe fittings",yes,"Ozone catalogue",no
"Ozone","OE-MDL-3P-SMS","FRONT MOUNTED SIDE MOUNTED SLIDING DOOR LOCK SLIDING DOOR LOCK","Kitchen & wardrobe fittings",yes,"Ozone catalogue",no
"Ozone","OE-MDL-4PP","FRONT MOUNTED SIDE MOUNTED SLIDING DOOR LOCK SLIDING DOOR LOCK","Kitchen & wardrobe fittings",yes,"Ozone catalogue",no
"Ozone","OE-MDL-4P-SMP","FRONT MOUNTED SIDE MOUNTED SLIDING DOOR LOCK SLIDING DOOR LOCK","Kitchen & wardrobe fittings",yes,"Ozone catalogue",no
"Ozone","OE-MDL-4P-SMS","FRONT MOUNTED SIDE MOUNTED SLIDING DOOR LOCK SLIDING DOOR LOCK","Kitchen & wardrobe fittings",yes,"Ozone catalogue",no
"Ozone","OEAP-50F","FURNITURE FITTINGS FURNITURE FITTINGS","Kitchen & wardrobe fittings",yes,"Ozone catalogue",no
"Ozone","OEAP-45H2","FURNITURE FITTINGS FURNITURE FITTINGS","Kitchen & wardrobe fittings",yes,"Ozone catalogue",no
"Ozone","OK-APH-SS","FURNITURE FITTINGS FURNITURE FITTINGS","Kitchen & wardrobe fittings",yes,"Ozone catalogue",no
"Ozone","OEAP-45H","FURNITURE FITTINGS FURNITURE FITTINGS","Kitchen & wardrobe fittings",yes,"Ozone catalogue",no
"Ozone","OEAP-45F","FURNITURE FITTINGS FURNITURE FITTINGS","Kitchen & wardrobe fittings",yes,"Ozone catalogue",no
"Ozone","OEAP-50H","FURNITURE FITTINGS FURNITURE FITTINGS","Kitchen & wardrobe fittings",yes,"Ozone catalogue",no
"Ozone","OEAP-SINK","FURNITURE FITTINGS FURNITURE FITTINGS","Kitchen & wardrobe fittings",yes,"Ozone catalogue",no
"Ozone","OEAP-WG-LED","FURNITURE FITTINGS FURNITURE FITTINGS","Kitchen & wardrobe fittings",yes,"Ozone catalogue",no
"Ozone","OK-PP-N","GAS PUMPS GAS PUMPS","Kitchen & wardrobe fittings",yes,"Ozone catalogue",no
"Ozone","OEAP-JG","GLASS DOOR PROFILE (GLASS THICKNESS 4MM) HANDLELESS PROFILE (GOLA)","Kitchen & wardrobe fittings",yes,"Ozone catalogue",no
"Ozone","OEAP-VCG","GLASS DOOR PROFILE (GLASS THICKNESS 4MM) HANDLELESS PROFILE (GOLA)","Kitchen & wardrobe fittings",yes,"Ozone catalogue",no
"Ozone","OEAP-VJG","GLASS DOOR PROFILE (GLASS THICKNESS 4MM) HANDLELESS PROFILE (GOLA)","Kitchen & wardrobe fittings",yes,"Ozone catalogue",no
"Ozone","OEAP-CG","GLASS DOOR PROFILE (GLASS THICKNESS 4MM) HANDLELESS PROFILE (GOLA)","Kitchen & wardrobe fittings",yes,"Ozone catalogue",no
"Ozone","OEAP-WG","GLASS DOOR PROFILE (GLASS THICKNESS 4MM) HANDLELESS PROFILE (GOLA)","Kitchen & wardrobe fittings",yes,"Ozone catalogue",no
"Ozone","OEC451-B4S-SC","HINGE WITH 4 HOLE MOUNTING PLATE HINGE WITH 4 HOLE MOUNTING PLATE &","Kitchen & wardrobe fittings",yes,"Ozone catalogue",no
"Ozone","OEC451-C4S-SC","HINGE WITH 4 HOLE MOUNTING PLATE HINGE WITH 4 HOLE MOUNTING PLATE &","Kitchen & wardrobe fittings",yes,"Ozone catalogue",no
"Ozone","OEC-451-304-B4S-SC","HINGE WITH 4 HOLE MOUNTING PLATE HINGE WITH 4 HOLE MOUNTING PLATE &","Kitchen & wardrobe fittings",yes,"Ozone catalogue",no
"Ozone","OEC-451-304-C4S-SC","HINGE WITH 4 HOLE MOUNTING PLATE HINGE WITH 4 HOLE MOUNTING PLATE &","Kitchen & wardrobe fittings",yes,"Ozone catalogue",no
"Ozone","OEC35-H4S","HINGE WITH 4 HOLE MOUNTING PLATE HINGE WITH 4 HOLE MOUNTING PLATE &","Kitchen & wardrobe fittings",yes,"Ozone catalogue",no
"Ozone","OEC451-G4S-SC","HINGE WITH 4 HOLE MOUNTING PLATE HINGE WITH 4 HOLE MOUNTING PLATE &","Kitchen & wardrobe fittings",yes,"Ozone catalogue",no
"Ozone","OEC451-A4S-SC","HINGE WITH 4 HOLE MOUNTING PLATE HINGE WITH 4 HOLE MOUNTING PLATE &","Kitchen & wardrobe fittings",yes,"Ozone catalogue",no
"Ozone","OEC-451-304-A4S-SC","HINGE WITH 4 HOLE MOUNTING PLATE HINGE WITH 4 HOLE MOUNTING PLATE &","Kitchen & wardrobe fittings",yes,"Ozone catalogue",no
"Ozone","OK-MC-900MM","KITCHEN TALL UNIT UNIVERSAL MAGIC CORNER","Kitchen & wardrobe fittings",yes,"Ozone catalogue",no
"Ozone","OK-SC-02-R","KITCHEN TALL UNIT UNIVERSAL MAGIC CORNER","Kitchen & wardrobe fittings",yes,"Ozone catalogue",no
"Ozone","OK-DR-N","KITCHEN TALL UNIT UNIVERSAL MAGIC CORNER","Kitchen & wardrobe fittings",yes,"Ozone catalogue",no
"Ozone","OK-SC-02-L","KITCHEN TALL UNIT UNIVERSAL MAGIC CORNER","Kitchen & wardrobe fittings",yes,"Ozone catalogue",no
"Ozone","OZS-WB-CS-HP","KITCHEN WIRE","Kitchen & wardrobe fittings",yes,"Ozone catalogue",no
"Ozone","OZS-WB-PL-HP","KITCHEN WIRE","Kitchen & wardrobe fittings",yes,"Ozone catalogue",no
"Ozone","OE-BLU-PN","LIFT-UP SYSTEM","Kitchen & wardrobe fittings",yes,"Ozone catalogue",no
"Ozone","OE-BFWS-Q","LIFT-UP SYSTEM","Kitchen & wardrobe fittings",yes,"Ozone catalogue",no
"Ozone","OE-BFWS-S","LIFT-UP SYSTEM","Kitchen & wardrobe fittings",yes,"Ozone catalogue",no
"Ozone","OE-WS-S","LIFT-UP SYSTEM","Kitchen & wardrobe fittings",yes,"Ozone catalogue",no
"Ozone","OE-BLU-PN-HD","LIFT-UP SYSTEM","Kitchen & wardrobe fittings",yes,"Ozone catalogue",no
"Ozone","OE-WS-Q","LIFT-UP SYSTEM","Kitchen & wardrobe fittings",yes,"Ozone catalogue",no
"Ozone","OE-WS-K","LIFT-UP SYSTEM","Kitchen & wardrobe fittings",yes,"Ozone catalogue",no
"Ozone","OE-BLU-FN","LIFT-UP SYSTEM","Kitchen & wardrobe fittings",yes,"Ozone catalogue",no
"Ozone","OE-BLU-FN-HD","LIFT-UP SYSTEM","Kitchen & wardrobe fittings",yes,"Ozone catalogue",no
"Ozone","OE-BFWS-K","LIFT-UP SYSTEM","Kitchen & wardrobe fittings",yes,"Ozone catalogue",no
"Ozone","OEC35-G2S","LINEAR MOUNTING PLATE & COVER CAP 2D CLIP-ON HINGE HINGE WITH 2 HOLE MOUNTING PLATE","Kitchen & wardrobe fittings",yes,"Ozone catalogue",no
"Ozone","OEC451LN-C2S-SC","LINEAR MOUNTING PLATE & COVER CAP 2D CLIP-ON HINGE HINGE WITH 2 HOLE MOUNTING PLATE","Kitchen & wardrobe fittings",yes,"Ozone catalogue",no
"Ozone","OEC-451-SS-C4S","LINEAR MOUNTING PLATE & COVER CAP 2D CLIP-ON HINGE HINGE WITH 2 HOLE MOUNTING PLATE","Kitchen & wardrobe fittings",yes,"Ozone catalogue",no
"Ozone","OEC451LN-B2S-SC","LINEAR MOUNTING PLATE & COVER CAP 2D CLIP-ON HINGE HINGE WITH 2 HOLE MOUNTING PLATE","Kitchen & wardrobe fittings",yes,"Ozone catalogue",no
"Ozone","OEC-451-SS-B4S","LINEAR MOUNTING PLATE & COVER CAP 2D CLIP-ON HINGE HINGE WITH 2 HOLE MOUNTING PLATE","Kitchen & wardrobe fittings",yes,"Ozone catalogue",no
"Ozone","OEC-451-SS-A4S","LINEAR MOUNTING PLATE & COVER CAP 2D CLIP-ON HINGE HINGE WITH 2 HOLE MOUNTING PLATE","Kitchen & wardrobe fittings",yes,"Ozone catalogue",no
"Ozone","OEC451LN-A2S-SC","LINEAR MOUNTING PLATE & COVER CAP 2D CLIP-ON HINGE HINGE WITH 2 HOLE MOUNTING PLATE","Kitchen & wardrobe fittings",yes,"Ozone catalogue",no
"Ozone","OE-LMP-2M","LINEAR MOVABLE PLATFORM","Kitchen & wardrobe fittings",yes,"Ozone catalogue",no
"Ozone","OZ-LUMA-R","LUMA DISPLAY UNIT","Kitchen & wardrobe fittings",yes,"Ozone catalogue",no
"Ozone","OZ-LUMA-L","LUMA DISPLAY UNIT","Kitchen & wardrobe fittings",yes,"Ozone catalogue",no
"Ozone","OE-ESO55-FS-M","MANUAL FLIP SOCKET ORGANIZER","Kitchen & wardrobe fittings",yes,"Ozone catalogue",no
"Ozone","OK-MFPO","MULTI FUNCTIONAL PULL-OUT","Kitchen & wardrobe fittings",yes,"Ozone catalogue",no
"Ozone","OEFL-NEUTRO-W-01","NEUTRO-01","Kitchen & wardrobe fittings",yes,"Ozone catalogue",no
"Ozone","OEFL-NEUTRO-03","NEUTRO-02","Kitchen & wardrobe fittings",yes,"Ozone catalogue",no
"Ozone","OK-BPO-200MM","OE-RS-M 600x1400MM BLACK OE-RS-M 600x1400MM SILVER","Kitchen & wardrobe fittings",yes,"Ozone catalogue",no
"Ozone","OK-BPO-300MM","OE-RS-M 600x1400MM BLACK OE-RS-M 600x1400MM SILVER","Kitchen & wardrobe fittings",yes,"Ozone catalogue",no
"Ozone","OE-SL65-SCD","OE-SL65-TBR STD GREY","Kitchen & wardrobe fittings",yes,"Ozone catalogue",no
"Ozone","OE-SL65-TBT","OE-SL65-TBR STD GREY","Kitchen & wardrobe fittings",yes,"Ozone catalogue",no
"Ozone","OE-SL65-S-TBT","OE-SL65-TBR STD GREY","Kitchen & wardrobe fittings",yes,"Ozone catalogue",no
"Ozone","OE-WS-BG1-TT","OE-WS-BG1-S STD NP K 930","Kitchen & wardrobe fittings",yes,"Ozone catalogue",no
"Ozone","OE-DWDS-ID-FBM-L","OK-CT-N 450MM MG OK-CT-N 500MM MG OK-CT-N 600MM MG","Kitchen & wardrobe fittings",yes,"Ozone catalogue",no
"Ozone","OE-DWDS-ID-FBG-L","OK-CT-N 700MM MG OK-CT-N 800MM MG OK-CT-N 900MM MG","Kitchen & wardrobe fittings",yes,"Ozone catalogue",no
"Ozone","OE-DWDS-ID-FBG-M","OK-CT-N 700MM MG OK-CT-N 800MM MG OK-CT-N 900MM MG","Kitchen & wardrobe fittings",yes,"Ozone catalogue",no
"Ozone","OK-PP-SC","OK-LU-BF-HD STD GREY K 11,900","Kitchen & wardrobe fittings",yes,"Ozone catalogue",no
"Ozone","OK-PP-N-09-100N-GREY","OK-LU-BF-HD STD GREY K 11,900","Kitchen & wardrobe fittings",yes,"Ozone catalogue",no
"Ozone","OK-PP-N-09-50N-GREY","OK-LU-BF-HD STD GREY K 11,900","Kitchen & wardrobe fittings",yes,"Ozone catalogue",no
"Ozone","OK-PP-N-09-150N-GREY","OK-LU-BF-HD STD GREY K 11,900","Kitchen & wardrobe fittings",yes,"Ozone catalogue",no
"Ozone","OK-PP-N-09-200N-GREY","OK-LU-BF-HD STD GREY K 11,900","Kitchen & wardrobe fittings",yes,"Ozone catalogue",no
"Ozone","OE-BFWS-LFS","OPTIONAL ACCESSORIES 32.2° 342","Kitchen & wardrobe fittings",yes,"Ozone catalogue",no
"Ozone","OE-BFWS-CBS-Q","OPTIONAL ACCESSORIES 32.2° 342","Kitchen & wardrobe fittings",yes,"Ozone catalogue",no
"Ozone","OZ-CSL-10MM","OPTIONAL ACCESSORIES 32.2° 342","Kitchen & wardrobe fittings",yes,"Ozone catalogue",no
"Ozone","OE-BFWS-CBS-K","OPTIONAL ACCESSORIES 32.2° 342","Kitchen & wardrobe fittings",yes,"Ozone catalogue",no
"Ozone","OE-BFWS-MS","OPTIONAL ACCESSORIES 32.2° 342","Kitchen & wardrobe fittings",yes,"Ozone catalogue",no
"Ozone","OZ-CSL-14MM","OPTIONAL ACCESSORIES 32.2° 342","Kitchen & wardrobe fittings",yes,"Ozone catalogue",no
"Ozone","OE-BFWS-BELT-S","OPTIONAL ACCESSORIES 32.2° 342","Kitchen & wardrobe fittings",yes,"Ozone catalogue",no
"Ozone","OE-BFWS-BELT-Q","OPTIONAL ACCESSORIES 32.2° 342","Kitchen & wardrobe fittings",yes,"Ozone catalogue",no
"Ozone","OE-BFWS-BELT-K","OPTIONAL ACCESSORIES 32.2° 342","Kitchen & wardrobe fittings",yes,"Ozone catalogue",no
"Ozone","OE-BFWS-CBS-S","OPTIONAL ACCESSORIES 32.2° 342","Kitchen & wardrobe fittings",yes,"Ozone catalogue",no
"Ozone","OE-BFWS","OPTIONAL ACCESSORIES 32.2° 342","Kitchen & wardrobe fittings",yes,"Ozone catalogue",no
"Ozone","OE-BFWS-HANDLE","OPTIONAL ACCESSORIES 32.2° 342","Kitchen & wardrobe fittings",yes,"Ozone catalogue",no
"Ozone","OE-CSYS-ACC-CNTR","OZ-PS M6x40MM STD","Kitchen & wardrobe fittings",yes,"Ozone catalogue",no
"Ozone","OEAP-WLL-LED","OZ-PS M6x40MM STD","Kitchen & wardrobe fittings",yes,"Ozone catalogue",no
"Ozone","OZ-WBA-LSB","OZ-WBA-WA6W 900MM GREY","Kitchen & wardrobe fittings",yes,"Ozone catalogue",no
"Ozone","OE-BFWS-SYS-K","OZONE EASY FIT SYSTEM","Kitchen & wardrobe fittings",yes,"Ozone catalogue",no
"Ozone","OE-BFWS-SYS-Q","OZONE EASY FIT SYSTEM","Kitchen & wardrobe fittings",yes,"Ozone catalogue",no
"Ozone","OZS-WB-V","OZS-W-BPO-3S 200x450MM OZS-W-BPO-2S 200x500x450","Kitchen & wardrobe fittings",yes,"Ozone catalogue",no
"Ozone","OZS-WB-C","PERFORATED CUTLERY BASKET PLATE BASKET","Kitchen & wardrobe fittings",yes,"Ozone catalogue",no
"Ozone","OZS-WB-PL","PERFORATED CUTLERY BASKET PLATE BASKET","Kitchen & wardrobe fittings",yes,"Ozone catalogue",no
"Ozone","OZS-WB-P","PLAIN BASKET","Kitchen & wardrobe fittings",yes,"Ozone catalogue",no
"Ozone","OEAP-ACC1","PROFILES CONNECTORS","Kitchen & wardrobe fittings",yes,"Ozone catalogue",no
"Ozone","OZ-WBA-DTR","PULL OUT HANGER DUAL WING RATTAN BASKET","Kitchen & wardrobe fittings",yes,"Ozone catalogue",no
"Ozone","OZ-WBA-RB","PULL OUT HANGER DUAL WING RATTAN BASKET","Kitchen & wardrobe fittings",yes,"Ozone catalogue",no
"Ozone","OZ-WBA-PSR","PULL-OUT SHOE RACK PULL OUT HANGER SINGLE WING","Kitchen & wardrobe fittings",yes,"Ozone catalogue",no
"Ozone","OZ-WBA-STR","PULL-OUT SHOE RACK PULL OUT HANGER SINGLE WING","Kitchen & wardrobe fittings",yes,"Ozone catalogue",no
"Ozone","OZ-WBA-TR","PULL-OUT TROUSER RACK HANGER PULL DOWN","Kitchen & wardrobe fittings",yes,"Ozone catalogue",no
"Ozone","OZ-WBA-01-HL","PULL-OUT TROUSER RACK HANGER PULL DOWN","Kitchen & wardrobe fittings",yes,"Ozone catalogue",no
"Ozone","OE-ESO44-PPO","PUSH POP-UP SOCKET ORGANIZER","Kitchen & wardrobe fittings",yes,"Ozone catalogue",no
"Ozone","OE-ESO11-UTM","PUSH POP-UP SOCKET ORGANIZER","Kitchen & wardrobe fittings",yes,"Ozone catalogue",no
"Ozone","OK-BPO-SL50","SAUCER ORGANISER","Kitchen & wardrobe fittings",yes,"Ozone catalogue",no
"Ozone","OE-EGSE","SAUCER ORGANISER","Kitchen & wardrobe fittings",yes,"Ozone catalogue",no
"Ozone","OZ-EK-WB","SAUCER ORGANISER","Kitchen & wardrobe fittings",yes,"Ozone catalogue",no
"Ozone","OEAP-ACC2","SHELVING SYSTEM","Kitchen & wardrobe fittings",yes,"Ozone catalogue",no
"Ozone","OEAP-ACC3","SHELVING SYSTEM","Kitchen & wardrobe fittings",yes,"Ozone catalogue",no
"Ozone","OFL-SSL-925-CS","SIDE SLIDING LOCKS","Kitchen & wardrobe fittings",yes,"Ozone catalogue",no
"Ozone","OFL-SSL-930","SIDE SLIDING LOCKS","Kitchen & wardrobe fittings",yes,"Ozone catalogue",no
"Ozone","OFL-SSL-925","SIDE SLIDING LOCKS","Kitchen & wardrobe fittings",yes,"Ozone catalogue",no
"Ozone","OFL-SSL-930-CS","SIDE SLIDING LOCKS","Kitchen & wardrobe fittings",yes,"Ozone catalogue",no
"Ozone","OZ-TB-100","SIDE SLIDING LOCKS","Kitchen & wardrobe fittings",yes,"Ozone catalogue",no
"Ozone","OBBS-PS-CR","SLIDING FOLDING SYSTEM SLIDING SYSTEM","Kitchen & wardrobe fittings",yes,"Ozone catalogue",no
"Ozone","OE-OTSF-TBT","SLIDING FOLDING SYSTEM SLIDING SYSTEM","Kitchen & wardrobe fittings",yes,"Ozone catalogue",no
"Ozone","OBBS-PS-SYS","SLIDING FOLDING SYSTEM SLIDING SYSTEM","Kitchen & wardrobe fittings",yes,"Ozone catalogue",no
"Ozone","OE-OTSF-SF-OT","SLIDING FOLDING SYSTEM SLIDING SYSTEM","Kitchen & wardrobe fittings",yes,"Ozone catalogue",no
"Ozone","OE-DWDS-PRO-S","SLIM PRO ERGOTEC DRAWER SYSTEM ULTRA SLIM ERGOTEC","Kitchen & wardrobe fittings",yes,"Ozone catalogue",no
"Ozone","OE-DWDS-GL-S","SLIM PRO ERGOTEC GLASS DRAWER SYSTEM","Kitchen & wardrobe fittings",yes,"Ozone catalogue",no
"Ozone","OE-DWDS-GL-M","SLIM PRO ERGOTEC GLASS DRAWER SYSTEM","Kitchen & wardrobe fittings",yes,"Ozone catalogue",no
"Ozone","OE-DWDS-GL-L","SLIM PRO ERGOTEC GLASS DRAWER SYSTEM","Kitchen & wardrobe fittings",yes,"Ozone catalogue",no
"Ozone","OE-DWDS-GL-LED-S","SLIM PRO ERGOTEC GLASS WITH LED DRAWER SYSTEM","Kitchen & wardrobe fittings",yes,"Ozone catalogue",no
"Ozone","OE-DWDS-GL-LED-L","SLIM PRO ERGOTEC GLASS WITH LED DRAWER SYSTEM","Kitchen & wardrobe fittings",yes,"Ozone catalogue",no
"Ozone","OE-DWDS-GL-LED-M","SLIM PRO ERGOTEC GLASS WITH LED DRAWER SYSTEM","Kitchen & wardrobe fittings",yes,"Ozone catalogue",no
"Ozone","OE-DWDS-ID-MFP-SR-M","SLIM PRO ERGOTEC INNER DRAWER PVC CUTLERY TRAY","Kitchen & wardrobe fittings",yes,"Ozone catalogue",no
"Ozone","OE-DWDS-ID-FBM-S","SLIM PRO ERGOTEC INNER DRAWER PVC CUTLERY TRAY","Kitchen & wardrobe fittings",yes,"Ozone catalogue",no
"Ozone","OE-DWDS-ID-MFP-S","SLIM PRO ERGOTEC INNER DRAWER PVC CUTLERY TRAY","Kitchen & wardrobe fittings",yes,"Ozone catalogue",no
"Ozone","OE-DWDS-ID-FBM-M","SLIM PRO ERGOTEC INNER DRAWER PVC CUTLERY TRAY","Kitchen & wardrobe fittings",yes,"Ozone catalogue",no
"Ozone","OE-WS-BG1-BT","SOFT OPENING & CLOSING BOTTOM GLIDE SYSTEM","Kitchen & wardrobe fittings",yes,"Ozone catalogue",no
"Ozone","OZS-WB-TH-HP","SPEEDY SERIES","Kitchen & wardrobe fittings",yes,"Ozone catalogue",no
"Ozone","OZS-WB-P-HP","SPEEDY SERIES","Kitchen & wardrobe fittings",yes,"Ozone catalogue",no
"Ozone","OZ-WBA-TIE","TIE RACK PULL OUT","Kitchen & wardrobe fittings",yes,"Ozone catalogue",no
"Ozone","OE-SLP-TBTC","TOP BOTTOM TRACK WITH COVER OE-WS-BG1-E STD NP","Kitchen & wardrobe fittings",yes,"Ozone catalogue",no
"Ozone","OEFL-NEUTRO-02","TOWER BOLT","Kitchen & wardrobe fittings",yes,"Ozone catalogue",no
"Ozone","OE-TRANSCA01-RSCH","TRANSCA GLASS WARDROBE TRANSCA CROCKERY UNIT","Kitchen & wardrobe fittings",yes,"Ozone catalogue",no
"Ozone","OE-TRANSCA04-AH","TRANSCA GLASS WARDROBE TRANSCA CROCKERY UNIT","Kitchen & wardrobe fittings",yes,"Ozone catalogue",no
"Ozone","OE-TRANSCA03-AH","TRANSCA GLASS WARDROBE TRANSCA WINE UNIT","Kitchen & wardrobe fittings",yes,"Ozone catalogue",no
"Ozone","OE-TRANSCA02-RSCH","TRANSCA GLASS WARDROBE TRANSCA WINE UNIT","Kitchen & wardrobe fittings",yes,"Ozone catalogue",no
"Ozone","OK-LU-FS-M","ULTRA HEAVY DUTY BI-FOLD","Kitchen & wardrobe fittings",yes,"Ozone catalogue",no
"Ozone","OK-LU-FS-HD","ULTRA HEAVY DUTY BI-FOLD","Kitchen & wardrobe fittings",yes,"Ozone catalogue",no
"Ozone","OBBS-4511-304S","UNDERMOUNT PARTIAL EXTENSION SLIDES","Kitchen & wardrobe fittings",yes,"Ozone catalogue",no
"Ozone","OE-UMS-SC-PE","UNDERMOUNT PARTIAL EXTENSION SLIDES","Kitchen & wardrobe fittings",yes,"Ozone catalogue",no
"Ozone","OE-UMS-SC-FE-D","UNDERMOUNT SOFT CLOSE SLIDES","Kitchen & wardrobe fittings",yes,"Ozone catalogue",no
"Ozone","OBBS-4511PO","UNDERMOUNT SOFT CLOSE SLIDES","Kitchen & wardrobe fittings",yes,"Ozone catalogue",no
"Ozone","OBBS-4511-SC","UNDERMOUNT SOFT CLOSE SLIDES","Kitchen & wardrobe fittings",yes,"Ozone catalogue",no
"Ozone","OBBS-4522-SC","UNDERMOUNT SOFT CLOSE SLIDES FOR WIRE BASKET SOFT CLOSE 25KG DRAWER SLIDES","Kitchen & wardrobe fittings",yes,"Ozone catalogue",no
"Ozone","OE-UMS-SC-FE-11","UNDERMOUNT SOFT CLOSE SLIDES FOR WIRE BASKET SOFT CLOSE 25KG DRAWER SLIDES","Kitchen & wardrobe fittings",yes,"Ozone catalogue",no
"Ozone","OEC35-E2S","WITH 2 HOLE MOUNTING PLATE & COVER CAP","Kitchen & wardrobe fittings",yes,"Ozone catalogue",no
"Ozone","OEC35-F2S","WITH 2 HOLE MOUNTING PLATE & COVER CAP","Kitchen & wardrobe fittings",yes,"Ozone catalogue",no
"Ozone","EC351-SO-B4S","WITH 4 HOLE MOUNTING PLATE 3 HOLE MOUNTING PLATE","Kitchen & wardrobe fittings",yes,"Ozone catalogue",no
"Ozone","OBBS-FE-100HD","WITH 4 HOLE MOUNTING PLATE 3 HOLE MOUNTING PLATE","Kitchen & wardrobe fittings",yes,"Ozone catalogue",no
"Ozone","OBBS-4511I","WITH 4 HOLE MOUNTING PLATE 3 HOLE MOUNTING PLATE","Kitchen & wardrobe fittings",yes,"Ozone catalogue",no
"Ozone","OEC451-A3S-SC","WITH 4 HOLE MOUNTING PLATE 3 HOLE MOUNTING PLATE","Kitchen & wardrobe fittings",yes,"Ozone catalogue",no
"Ozone","OEC451-B3S-SC","WITH 4 HOLE MOUNTING PLATE 3 HOLE MOUNTING PLATE","Kitchen & wardrobe fittings",yes,"Ozone catalogue",no
"Ozone","EC351-SO-A4S","WITH 4 HOLE MOUNTING PLATE 3 HOLE MOUNTING PLATE","Kitchen & wardrobe fittings",yes,"Ozone catalogue",no
"Ozone","OEC451-C3S-SC","WITH 4 HOLE MOUNTING PLATE 3 HOLE MOUNTING PLATE","Kitchen & wardrobe fittings",yes,"Ozone catalogue",no
"Ozone","EC351-SO-C4S","WITH 4 HOLE MOUNTING PLATE 3 HOLE MOUNTING PLATE","Kitchen & wardrobe fittings",yes,"Ozone catalogue",no
"Ozone","OEC501-B4S-SC","WITH 4 HOLE MOUNTING PLATE HINGE WITH 4 HOLE MOUNTING PLATE WITH 4 HOLE MOUNTING PLATE HINGE WITH 4 HOLE MOUNTING PLATE","Kitchen & wardrobe fittings",yes,"Ozone catalogue",no
"Ozone","OEC352-C4S","WITH 4 HOLE MOUNTING PLATE HINGE WITH 4 HOLE MOUNTING PLATE WITH 4 HOLE MOUNTING PLATE HINGE WITH 4 HOLE MOUNTING PLATE","Kitchen & wardrobe fittings",yes,"Ozone catalogue",no
"Ozone","OEC170-SC-C4S","WITH 4 HOLE MOUNTING PLATE HINGE WITH 4 HOLE MOUNTING PLATE WITH 4 HOLE MOUNTING PLATE HINGE WITH 4 HOLE MOUNTING PLATE","Kitchen & wardrobe fittings",yes,"Ozone catalogue",no
"Ozone","OEC501-C4S-SC","WITH 4 HOLE MOUNTING PLATE HINGE WITH 4 HOLE MOUNTING PLATE WITH 4 HOLE MOUNTING PLATE HINGE WITH 4 HOLE MOUNTING PLATE","Kitchen & wardrobe fittings",yes,"Ozone catalogue",no
"Ozone","OEC352-B4S","WITH 4 HOLE MOUNTING PLATE HINGE WITH 4 HOLE MOUNTING PLATE WITH 4 HOLE MOUNTING PLATE HINGE WITH 4 HOLE MOUNTING PLATE","Kitchen & wardrobe fittings",yes,"Ozone catalogue",no
"Ozone","OEC170-SC-B4S","WITH 4 HOLE MOUNTING PLATE HINGE WITH 4 HOLE MOUNTING PLATE WITH 4 HOLE MOUNTING PLATE HINGE WITH 4 HOLE MOUNTING PLATE","Kitchen & wardrobe fittings",yes,"Ozone catalogue",no
"Ozone","EC401-C4S","WITH 4 HOLE MOUNTING PLATE HINGE WITH 4 HOLE MOUNTING PLATE WITH 4 HOLE MOUNTING PLATE HINGE WITH 4 HOLE MOUNTING PLATE","Kitchen & wardrobe fittings",yes,"Ozone catalogue",no
"Ozone","OEC352-A4S","WITH 4 HOLE MOUNTING PLATE HINGE WITH 4 HOLE MOUNTING PLATE WITH 4 HOLE MOUNTING PLATE HINGE WITH 4 HOLE MOUNTING PLATE","Kitchen & wardrobe fittings",yes,"Ozone catalogue",no
"Ozone","OEC170-SC-A4S","WITH 4 HOLE MOUNTING PLATE HINGE WITH 4 HOLE MOUNTING PLATE WITH 4 HOLE MOUNTING PLATE HINGE WITH 4 HOLE MOUNTING PLATE","Kitchen & wardrobe fittings",yes,"Ozone catalogue",no
"Ozone","EC401-B4S","WITH 4 HOLE MOUNTING PLATE HINGE WITH 4 HOLE MOUNTING PLATE WITH 4 HOLE MOUNTING PLATE HINGE WITH 4 HOLE MOUNTING PLATE","Kitchen & wardrobe fittings",yes,"Ozone catalogue",no
"Ozone","OEC501-A4S-SC","WITH 4 HOLE MOUNTING PLATE HINGE WITH 4 HOLE MOUNTING PLATE WITH 4 HOLE MOUNTING PLATE HINGE WITH 4 HOLE MOUNTING PLATE","Kitchen & wardrobe fittings",yes,"Ozone catalogue",no
"Ozone","EC401-A4S","WITH 4 HOLE MOUNTING PLATE HINGE WITH 4 HOLE MOUNTING PLATE WITH 4 HOLE MOUNTING PLATE HINGE WITH 4 HOLE MOUNTING PLATE","Kitchen & wardrobe fittings",yes,"Ozone catalogue",no
"Ozone","OE-MPL-11P","WITH COMPUTER KEY","Kitchen & wardrobe fittings",yes,"Ozone catalogue",no
"Ozone","OE-MPL-11S","WITH COMPUTER KEY","Kitchen & wardrobe fittings",yes,"Ozone catalogue",no
"Ozone","OE-CL-33","WITH COMPUTER KEY","Kitchen & wardrobe fittings",yes,"Ozone catalogue",no
"Ozone","OE-MPLS","WITH MECHANICAL KEY 32MM WITH MECHANICAL KEY 22MM","Kitchen & wardrobe fittings",yes,"Ozone catalogue",no
"Ozone","OE-MPLP","WITH MECHANICAL KEY 32MM WITH MECHANICAL KEY 22MM","Kitchen & wardrobe fittings",yes,"Ozone catalogue",no
"Ozone","OE-DWDS-ID-MFP-SR-L","WITH METAL","Kitchen & wardrobe fittings",yes,"Ozone catalogue",no
"Ozone","OE-DWDS-ID-FBG-S","WITH METAL","Kitchen & wardrobe fittings",yes,"Ozone catalogue",no
"Ozone","OE-DWDS-ID-GSP","WITH METAL","Kitchen & wardrobe fittings",yes,"Ozone catalogue",no
"Ozone","OE-CL-3P-22P","WITHOUT ROD CUPBOARD LOCK","Kitchen & wardrobe fittings",yes,"Ozone catalogue",no
"Ozone","OE-CL-3P-22S","WITHOUT ROD CUPBOARD LOCK","Kitchen & wardrobe fittings",yes,"Ozone catalogue",no
"Ozone","OE-CL-3P-32S","WITHOUT ROD CUPBOARD LOCK","Kitchen & wardrobe fittings",yes,"Ozone catalogue",no
"Ozone","OE-CL-CS","WITHOUT ROD CUPBOARD LOCK","Kitchen & wardrobe fittings",yes,"Ozone catalogue",no
"Ozone","OE-PDLP","WITHOUT ROD CUPBOARD LOCK","Kitchen & wardrobe fittings",yes,"Ozone catalogue",no
"Ozone","OE-CL-11","WITHOUT ROD CUPBOARD LOCK","Kitchen & wardrobe fittings",yes,"Ozone catalogue",no
"Ozone","OE-CL-22","WITHOUT ROD CUPBOARD LOCK","Kitchen & wardrobe fittings",yes,"Ozone catalogue",no
"Ozone","OE-CL-CP","WITHOUT ROD CUPBOARD LOCK","Kitchen & wardrobe fittings",yes,"Ozone catalogue",no
"Ozone","OE-PDLS","WITHOUT ROD CUPBOARD LOCK","Kitchen & wardrobe fittings",yes,"Ozone catalogue",no
"Ozone","OE-CL-3P-32P","WITHOUT ROD CUPBOARD LOCK","Kitchen & wardrobe fittings",yes,"Ozone catalogue",no
"Ozone","OEAP-G","WOODEN DOOR PROFILE","Kitchen & wardrobe fittings",yes,"Ozone catalogue",no
"Ozone","OEAP-G2","WOODEN DOOR PROFILE","Kitchen & wardrobe fittings",yes,"Ozone catalogue",no