class,sku,current_name,proposed_name
debris,ARS-WHT-39955S110UFSM,"363SPPZ, 751P180SPPZ, 751S300SPPZ, 851S300SPP, 551SSPP 1,450 1,225 751S, 353, 555S,753S & P, 755S, 851 1,350 757NS300SPPSZ, 757S300SPPZ, 757NS300SPPZ 1,375",
debris,CNS-WHT-353SPPSMZ,"CNS-WHT-759S300UFSMZ, 759S250UFSMZ, 759P180UFSMZ 2,225 551SSPP, 553SSPP 1,325 CNS-WHT-855S300SPPSM, 855S300SPPSMY, 855S200SPPSM, 855P180SPPSM 1,325",
debris,ITS-WHT-89851S300PPPM,"PP SEAT COVER FOR ITS-WHT-6955P180PP, 6953NBIPP, 15753NS250PPZ, 23,500 15955P180PP & 15853S300PP",
debris,IWA-CHR-ACC00510X,"10,000 Base Europa Kit 6,800 1900 x 900 x 470 mm Built-in Bathtub 36,000 4,150",
debris,JBT-WHT-ALIVE180X,"12,000",
debris,JBT-WHT-ARC190X,"12,000",
debris,JBT-WHT-FONT150X,"12,000",
debris,JBT-WHT-FONT170X,"5,800",
debris,JBT-WHT-FONTR150X,"12,000",
debris,JBT-WHT-LAGUNA180X,"12,000",
debris,JBT-WHT-OPALPM180X,"12,000",
debris,JWP-WHT-ARC190CX,"1,66,000 (Water System) 1,56,000",
debris,JWP-WHT-FONTE170CX,"1,53,000 (Combi System) 1,41,000",
debris,JWP-WHT-FONTE180CX,"1,53,000 (Water System) 1,24,000",
debris,JWP-WHT-GMI140CX,"1,18,000 (Water System) 1,38,000",
debris,JWP-WHT-LAGUNA180CX,"1,53,000 (Water System) 1,58,000",
debris,JWP-WHT-OPALPM180CX,"1,51,000 (Water System) 1,57,000",
debris,JWP-WHT-VGNT190CX,"1,59,000 (Water System) 1,53,000",
debris,ONS-WHT-10961BIUFSMTL,"CLOSE SEAT COVER FOR OPS WHT-15953BIUFPM, 15753P180UFPMZ, 15953BIUFPM 4,150 CLOSING SEAT COVER FOR 15851S 3,800 CLOSE SEAT COVER FOR OPS WHT-15953BIUFPM, 15753P180UFPMZ, 15953BIUFPM 3,900",
debris,OPS-WHT-15961BIUFSMTL,"CLOSE SEAT COVER FOR OPS WHT-15953BIUFPM, 15753P180UFPMZ, 15953BIUFPM 3,900 CLOSE SEAT COVER FOR OPS WHT-15953BIUFPM, 15753P180UFPMZ, 15953BIUFPM 3,900 CLOSE SEAT COVER FOR OPS WHT-15953BIUFPM, 15753P180UFPMZ, 15953BIUFPM 3,900",
debris,VGS-WHT-81953BIUFPM,"CLOSING SEAT COVER FOR 81751S, 81751P 1,630 CLOSE SLIM SEAT COVER FOR VGS-WHT-81753S250UFSMZ, 15753NP180UFSMZ, 4,550 15753NS250UFSMZ CLOSE SEAT COVER FOR VGS-WHT-81853S300B, 81853P180B, 6851S300UF 4,900",
manual,COP-273PM,"Wall Mixer with Provision for Overhead Shower with 115mm Long Bend Pipe On Upper Side, Connecting Legs & Wall Flanges Quarter Turn | Kitchen 70 75 1/2""BSP 215 001 071 051 PSB ""2/1 031 07 Ø 65 130 35 081 10° 250 511",
manual,COP-281PM,"Wall Mixer 3-in-1 System with Provision for both Hand Shower and Overhead Shower Complete with 115mm Long Bend Pipe, Connecting Legs & Wall Flange (without Hand & Overhead Shower) 25 PSB ""2/1 56Ø 40 105 225",
manual,COP-309PM,"Sink Mixer with Pipe Swinging Spout (Wall Mounted Model) with Connecting Legs & Wall Flanges Taps 25 15° PSB""2/1 56Ø 50 130 10° 021 581",
manual,DRC-37309,"Non-Return Quarter Turn | Taps PSB""½ 55Ø 25 140 20° Sink Mixer With Regular Swinging Spout (Wall Mounted Model) With Connecting Legs & Wall Flanges 145 88 182 302",
manual,EKO-33167B,"Central Hole Basin Mixer without Popup Waste System with 450mm Long Braided Hoses 1/2"" BSP 09 147 221",
manual,FLR-5051B,"Single Lever Basin Mixer with Popup Waste System 450mm Long Braided Hoses 85 Ø45 ½""BSP 041 054",
manual,FLR-5121K,"Exposed Parts of Floor Mounted Single Lever Bath Mixer with Provision for Hand Shower, without Hand Shower & Shower Hose (Compatible with ALD-121) ½""BSP ½""BSP Max. 180 05 100 Ø55 Ø63 1-¼""BSP Single Lever | Kitchen °54 170 ± 1 150 130 ± 1 Ø70 5˚ PSB""½ 60 230 35 271 533",
manual,FLR-5783K,Aquamax Exposed Part Kit of SingleLever Shower 3-way diverter (Suitable for ALD-783) Single Lever | Bidet 211 573,
manual,JBT-WHT-FONT150FX,"Built-in Bathtub with Powder MS Frame 4,150 JWA-WHT-FONT150FPXRs. Front Panels",
manual,JBT-WHT-FONT170FX,"Built In Bathtub with Powder MS Frame 12,000 JWA-WHT-FONT170FPXRs. Filler Front Panel 4,150",
manual,JCS-WHT-2400,"Single Piece Slim Concealed 5,200 Body With Installation Kit (without Flush Control Plate)",
manual,JCS-WHT-2400FP,"Frame, Single Piece Slim Concealed Drain Cistern With Floor Mounting Frame, Hung Installation Kit And “P-Type” Drain Plate Pipe Connection Set For Wall WC (without Flush Control Plate) with Front or Top Actuation 4,700 with control 5,350 with pipe WC",
manual,JSE-CHR-DEL9090X,"H: 1950 W: 900 x 900 Rs. DELTA Black Description: Corner entry half 29,000 shower enclosure with curved door - 4 parts 29,500 Finish: Black Matt Glass: 6mm",
manual,JSG-BLK-CPROUND,"Control Panel For Jaquar Steam Generator (Black) 89 mm Dia 3,11,000 Oasis Oasis Steam & Shower Cabin",
manual,JSG-BLK-CPSQUARE,"Control Panel For Jaquar Steam Generator (Black) 103 x 103 mm 22,900 maetS",
manual,JSG-WHT-CPROUND,"Control Panel For Jaquar Steam Generator (White) 89 mm Dia 22,900 dlos",
manual,JSG-WHT-CPSQUARE,"Control Panel For Jaquar Steam Generator (White) 103 x 103 mm 22,900 rotareneg .yletarapes",
manual,JWA-CHR-DRNPIPE80,"23,300 Drain pipe with overflow 4,200 ** In case of one side wall installation 2 side panels and one front panel is must for installation. jaquar.com 189",
manual,JWA-WHT-ARCFPX,"6,800 (Side Panel) 4,200",
manual,JWA-WHT-VGNTPFPX,"6,800 (Side Panel) 6,800",
manual,JWA-WHT-VGNTPSPX,"Also available 2,97,000 Vignette Prime 2,87,000",
manual,JWP-WHT-ARC190WX,"10,000 (Front Panel) 23,300",
manual,JWP-WHT-FONTE150CX,"10,000 (Water System) 1,21,000",
manual,JWP-WHT-FONTE170WX,"5,700 (Water System) 1,17,000",
manual,JWP-WHT-FONTE180FLTCX,"Whirlpool and Airpool Combi System with Filtration System Fonte 1700 x 750 x 420 mm 1500 x 750 x 420 mm 1,72,000 (Combi System) 1,44,000",
manual,JWP-WHT-FONTE180WX,"10,000 (Front Panel) 10,000",
manual,JWP-WHT-GMI140WX,"9,500 (Angular Panel) 15,200",
manual,JWP-WHT-OPALPM180WX,"15,300 (Front Panel) 23,500",
manual,JWP-WHT-VGNT190WX,"10,000 (Front Panel) 11,800",
manual,LYR-38065NK,"Single Lever Exposed Parts Kit of Diverter Consisting Operating Lever, Wall Flange (with Seals) & Button (Compatible with Item ALD-065N) 125 571",
manual,OHS-35497,Overhead Shower 200X200mm Square Shape Flow (ABS Body Chrome Plated with Gray Face with Rubit Cleaning System 60 150 170 555 205,
manual,OHS-85859M,"Alive Maze Overhead Shower 200X300mm Round Edge & Rectangular Head Single Flow (Body & Face Plate Stainless Steel with Chrome finish) with Rubit System Cleaning System Registered design no.276014 279 1/2""BSP 54 022 340",
manual,ONS-WHT-10953NBIUF,"CLOSE SLIM SEAT COVER FOR 10853S300UFSM 3,200 CLOSE SLIM SEAT COVER FOR 10753P180UFSM, 10753NS250UFSM, 10955P180UFSM, 15851S300UFSM 3,200",
manual,VGP-81783K,Aquamax Exposed Part Kit of Single Lever Shower with 3-way diverter (Suitable for ALD-783) Single Lever | Bidet 511 573,
strip-leading,ESA-GMS-LDG0812,"3,400 Artificial Marble Ledge 801-1200",Artificial Marble Ledge 801-1200
strip-leading,ESA-GMS-LDG1010,"3,550 Artificial Marble Ledge 1000 x 1000",Artificial Marble Ledge 1000 x 1000
strip-leading,ESA-GMS-LDG1012,"4,300 Artificial Marble Ledge 1000 x 1200",Artificial Marble Ledge 1000 x 1200
strip-leading,ESA-GMS-LDG1212,"4,300 Artificial Marble Ledge 1200 x 1200",Artificial Marble Ledge 1200 x 1200
strip-leading,ESA-GMS-LDG1216,"3,400 Artificial Marble Ledge 1201-1600",Artificial Marble Ledge 1201-1600
strip-leading,ESA-GMS-LDG1620,"3,400 Artificial Marble Ledge 1601-2000",Artificial Marble Ledge 1601-2000
strip-leading,ESA-GMS-LDG2024,"4,050 Artificial Marble Ledge 2001-2400",Artificial Marble Ledge 2001-2400
strip-leading,ESA-GMS-LDG9090,"3,550 Artificial Marble Ledge 900 x 900",Artificial Marble Ledge 900 x 900
strip-leading,ESA-WHT-LDGD1212,"3,850 Artificial Marble Ledge 1200 x 1200",Artificial Marble Ledge 1200 x 1200
strip-leading,JSE-ABR-ENNA1515X,"42,000 H: 1950 W: 1500 x 1500",H: 1950 W: 1500 x 1500
strip-leading,JSE-ABR-ENNA9090X,"45,700 H: 1950 W: 900 x 900 Rs",H: 1950 W: 900 x 900 Rs
strip-leading,JSE-ACR-ENNA1515X,"42,000 H: 1950 W: 1500 x 1500",H: 1950 W: 1500 x 1500
strip-leading,JSE-BLM-ENNA1515X,"37,500 H: 1950 W: 1500 x 1500",H: 1950 W: 1500 x 1500
strip-leading,JSE-CHR-110F0812H19X,"11,500 H: 1950 W: 801 - 1200",H: 1950 W: 801 - 1200
strip-leading,JSE-CHR-110F1216H19X,"14,500 H: 1950 W: 1201 - 1600",H: 1950 W: 1201 - 1600
strip-leading,JSE-CHR-110F1618H19X,"18,000 H: 1950 W: 1601 - 1800",H: 1950 W: 1601 - 1800
strip-leading,JSE-CHR-130G1620H19X,"31,600 H: 1950 W: 1601 - 2000",H: 1950 W: 1601 - 2000
strip-leading,JSE-CHR-130G2024H19X,"33,700 H: 1950 W: 2001 - 2400",H: 1950 W: 2001 - 2400
strip-leading,JSE-CHR-140G2428H19X,"37,500 H: 1950 W: 2401 - 2800",H: 1950 W: 2401 - 2800
strip-leading,JSE-CHR-140L2428H19X,"37,500 H: 1950 W: 2401 - 2800",H: 1950 W: 2401 - 2800
strip-leading,JSE-CHR-140W2024H19X,"37,500 H: 1950 W: 2001 - 2400",H: 1950 W: 2001 - 2400
strip-leading,JSE-CHR-ENNA1515X,"34,500 H: 1950 W: 1500 x 1500",H: 1950 W: 1500 x 1500
strip-trailing,HDR-SLV-AK2030,"Nuovo dualflow touch-free infrared hand dryer with intelligent LED display, 1850W rated power, DC brushless motor & double HEPA filter Material: ABS Finish: Silver Paper Towel Dispenser Paper Towel Dispenser - Towels with c/z Folds - Wall Mounted 6,950","Nuovo dualflow touch-free infrared hand dryer with intelligent LED display, 1850W rated power, DC brushless motor & double HEPA filter Material: ABS Finish: Silver Paper Towel Dispenser Paper Towel Dispenser - Towels with c/z Folds - Wall Mounted"
strip-trailing,HDR-SSF-AK2803D,"Bolt touch-free infrared hand dryer with 1150W rated power & carbon brush motor Material: 304 Stainless Steel Finish: Stainless Steel Finish Accessories Hand Dryer - NUOVO 59,700",Bolt touch-free infrared hand dryer with 1150W rated power & carbon brush motor Material: 304 Stainless Steel Finish: Stainless Steel Finish Accessories Hand Dryer - NUOVO
strip-trailing,HDR-SSF-AK2807,"Flash touch-free infrared hand dryer with 1150W rated power & carbon brush motor Material: 304 Stainless Steel Finish: Stainless Steel Finish Hand Dryer - BOLT 11,200",Flash touch-free infrared hand dryer with 1150W rated power & carbon brush motor Material: 304 Stainless Steel Finish: Stainless Steel Finish Hand Dryer - BOLT
strip-trailing,JBT-WHT-ARC190FX,"Built-in Bathtub with Powder MS Frame 4,150",Built-in Bathtub with Powder MS Frame
strip-trailing,JBT-WHT-FONTR150FX,"Built-in Bathtub with Powder MS Frame 4,150",Built-in Bathtub with Powder MS Frame
strip-trailing,JBT-WHT-FSBT177544X,"Free Standing Bathtub with Over Flow & Drain Eggy 1700 x 850 x 450/580 mm 99,000",Free Standing Bathtub with Over Flow & Drain Eggy 1700 x 850 x 450/580 mm
strip-trailing,JBT-WHT-FSBT177840X,"Free Standing Bathtub with Over Flow & Drain *560 mm is the outer size Oliv 1600 x 750 x 430/570 mm 89,000",Free Standing Bathtub with Over Flow & Drain *560 mm is the outer size Oliv 1600 x 750 x 430/570 mm
strip-trailing,JBT-WHT-FSBTLG6001,"Free Standing Bathtub with Built-In Overflow, Pop-Up Queens 1702 x 787 x 434/615 mm 1,13,000","Free Standing Bathtub with Built-In Overflow, Pop-Up Queens 1702 x 787 x 434/615 mm"
strip-trailing,JBT-WHT-FSBTLG6005,"Waste Laguna Free Standing Bathtub with Holes For 5 Hole Filler, Built-In Overflow, Pop-Up Waste Alaska 1712 x 760 x 440/580 mm 1,02,000","Waste Laguna Free Standing Bathtub with Holes For 5 Hole Filler, Built-In Overflow, Pop-Up Waste Alaska 1712 x 760 x 440/580 mm"
strip-trailing,JBT-WHT-FSBTMAD1778,"Free Standing Bathtub with Chrome Over Flow, Waste 1,18,000","Free Standing Bathtub with Chrome Over Flow, Waste"
strip-trailing,JCS-WHT-2431FP,"Single Piece Concealed Cistern Body (Front or Top Actuation) with Floor Mounting Frame, Installation Kit and “P-Type” Drain Pipe Connection Set for Wall Hung WC (without Flush Control Plate) 10,600","Single Piece Concealed Cistern Body (Front or Top Actuation) with Floor Mounting Frame, Installation Kit and “P-Type” Drain Pipe Connection Set for Wall Hung WC (without Flush Control Plate)"
strip-trailing,JCS-WHT-2431S,"Single Piece Concealed Cistern Body (Front or Top Actuation) with Installation Kit & “S-Type” drain pipe connection set for Wall Hung WC Hung (without Flush Control Plate) Concealed Cistern Body with Front or Top Actuation with Floor Mounted Frame 10,050",Single Piece Concealed Cistern Body (Front or Top Actuation) with Installation Kit & “S-Type” drain pipe connection set for Wall Hung WC Hung (without Flush Control Plate) Concealed Cistern Body with Front or Top Actuation with Floor Mounted Frame
strip-trailing,JSC-WHT-OASIS1010,"Size: 1000 x 1000 x 2160 mm Material: ACP + Glass + Acrylic Steam Generator: 4 kW 3,23,000",Size: 1000 x 1000 x 2160 mm Material: ACP + Glass + Acrylic Steam Generator: 4 kW
strip-trailing,JSC-WHT-OASIS9090,"Size: 900 x 900 x 2160 mm Material: ACP + Glass + Acrylic Steam Generator: 4 kW 3,16,000",Size: 900 x 900 x 2160 mm Material: ACP + Glass + Acrylic Steam Generator: 4 kW
strip-trailing,JSG-BLK-PIUVAP5000ST,"Jaquar Smart Vapour STEAM GENERATOR MID Series Features Touch button IP67 rating Temperature Auto Auto drain Auto display for display setting water inlet power off Stainless Heating Water Newly Over heat Pressure steel body Element processor designed protection safety value steam nozzle 83,000",Jaquar Smart Vapour STEAM GENERATOR MID Series Features Touch button IP67 rating Temperature Auto Auto drain Auto display for display setting water inlet power off Stainless Heating Water Newly Over heat Pressure steel body Element processor designed protection safety value steam nozzle
strip-trailing,JSG-WHT-NMID120,"Steam Generator Without Digital Control Panel- 12 kW 475 x 185 x 450 mm 1,28,000",Steam Generator Without Digital Control Panel- 12 kW 475 x 185 x 450 mm
strip-trailing,JSG-WHT-NMID150,"Steam Generator Without Digital Control Panel- 15 kW 510 x 185 x 460 mm 1,60,000",Steam Generator Without Digital Control Panel- 15 kW 510 x 185 x 460 mm
strip-trailing,JSG-WHT-NMID180,"Steam Generator Without Digital Control Panel- 18 kW 510 x 185 x 460 mm 1,70,000",Steam Generator Without Digital Control Panel- 18 kW 510 x 185 x 460 mm
strip-trailing,JSG-WHT-NMID225,"Steam Generator Without Digital Control Panel- 22.5 kW 510 x 185 x 460 mm 1,95,000",Steam Generator Without Digital Control Panel- 22.5 kW 510 x 185 x 460 mm
strip-trailing,JSG-WHT-NMID40,"Steam Generator Without Digital Control Panel- 4 kW 425 x 160 x 315 mm 93,000",Steam Generator Without Digital Control Panel- 4 kW 425 x 160 x 315 mm
strip-trailing,JSG-WHT-NMID60,"Steam Generator Without Digital Control Panel- 6 kW 425 x 160 x 315 mm 1,06,000",Steam Generator Without Digital Control Panel- 6 kW 425 x 160 x 315 mm
strip-trailing,JSG-WHT-NMID90,"Steam Generator Without Digital Control Panel- 9 kW 475 x 185 x 450 mm 1,19,000",Steam Generator Without Digital Control Panel- 9 kW 475 x 185 x 450 mm
strip-trailing,JWA-CHR-132201,"Drain Pipe with Overflow & Filler 49,500 3,700",Drain Pipe with Overflow & Filler
strip-trailing,JWA-CHR-DRNPIPE100,"Coated Drain Pipe 100 cm with overflow 4,150",Coated Drain Pipe 100 cm with overflow
strip-trailing,JWA-CHR-DRNPIPE70,"Drain Pipe* with Overflow 29,000 3,450",Drain Pipe* with Overflow
strip-trailing,JWA-WHT-FONT150FPX,"Side Panel 5,100",Side Panel
strip-trailing,JWA-WHT-FONT170FPX,"Front Panel 8,900",Front Panel
strip-trailing,JWA-WHT-FPLAG180X,"Side Panel 6,700",Side Panel
strip-trailing,JWA-WHT-OPALPMFPX,"Front Panels 39,000 12,000",Front Panels
strip-trailing,JWA-WHT-SP55X,"Also available Laguna 180x70x45 cm 2,90,000",Also available Laguna 180x70x45 cm
strip-trailing,JWA-WHT-SP75X,"Also available Fonte 170x75x42 cm 2,40,000",Also available Fonte 170x75x42 cm
strip-trailing,JWP-WHT-FONTE150WX,"Front Panel 9,900",Front Panel
strip-trailing,JWP-WHT-LAGUNA180WX,"Front Panel 15,300",Front Panel
strip-trailing,OK-PP-N-09-100N-GREY,"OK-LU-BF-HD STD GREY K 11,900",OK-LU-BF-HD STD GREY K
strip-trailing,OK-PP-N-09-150N-GREY,"OK-LU-BF-HD STD GREY K 11,900",OK-LU-BF-HD STD GREY K
strip-trailing,OK-PP-N-09-200N-GREY,"OK-LU-BF-HD STD GREY K 11,900",OK-LU-BF-HD STD GREY K
strip-trailing,OK-PP-N-09-50N-GREY,"OK-LU-BF-HD STD GREY K 11,900",OK-LU-BF-HD STD GREY K
strip-trailing,OK-PP-SC,"OK-LU-BF-HD STD GREY K 11,900",OK-LU-BF-HD STD GREY K
strip-trailing,SDR-WHT-DJ0010FN,"Capacity: 0.8L Material: ABS Finish: white/smoked 10 Soap Dispenser - Automatic 4,000",Capacity: 0.8L Material: ABS Finish: white/smoked 10 Soap Dispenser - Automatic
